1,0.0,0.0,-0.38509316770186336,0.037267080745341616,-0.6770186335403726,-0.13043478260869565,-0.8385093167701864,-0.33540372670807456,-1.0,-0.422360248447205,-0.5714285714285714,-0.5714285714285714,-0.7080745341614907,-0.7888198757763976,-0.7515527950310559,-0.8695652173913043,-0.782608695652174,-0.8944099378881988,-0.36024844720496896,-0.6583850931677019,-0.5031055900621118,-0.84472049689441,-0.5714285714285714,-0.8260869565217391,-0.5900621118012422,-0.7763975155279503,-0.16770186335403728,-0.6708074534161491,-0.30434782608695654,-0.8322981366459627,-0.37888198757763975,-0.8012422360248447,-0.40372670807453415,-0.7391304347826086,0.0,-0.639751552795031,-0.13043478260869565,-0.7204968944099379,-0.2111801242236025,-0.6894409937888198,-0.2236024844720497,-0.6273291925465838
7,0.0,0.0,-0.31351351351351353,0.04864864864864865,-0.5675675675675675,-0.08108108108108109,-0.7351351351351352,-0.24324324324324326,-0.8702702702702703,-0.31891891891891894,-0.4810810810810811,-0.43783783783783786,-0.4972972972972973,-0.4810810810810811,-0.4810810810810811,-0.43783783783783786,-0.4594594594594595,-0.41081081081081083,-0.34054054054054056,-0.5405405405405406,-0.44324324324324327,-0.6972972972972973,-0.518918918918919,-0.7783783783783784,-0.5621621621621622,-0.8324324324324325,-0.1837837837837838,-0.5783783783783784,-0.2918918918918919,-0.772972972972973,-0.372972972972973,-0.8972972972972973,-0.43783783783783786,-0.9675675675675676,-0.016216216216216217,-0.572972972972973,-0.032432432432432434,-0.7783783783783784,-0.04864864864864865,-0.9027027027027027,-0.07567567567567568,-1.0
1,0.0,0.0,-0.36024844720496896,0.07453416149068323,-0.6459627329192547,-0.08074534161490683,-0.8322981366459627,-0.2732919254658385,-1.0,-0.34782608695652173,-0.5590062111801242,-0.4968944099378882,-0.7018633540372671,-0.6583850931677019,-0.7329192546583851,-0.6708074534161491,-0.7267080745341615,-0.639751552795031,-0.36024844720496896,-0.6086956521739131,-0.515527950310559,-0.8136645962732919,-0.5838509316770186,-0.8695652173913043,-0.6211180124223602,-0.8757763975155279,-0.18012422360248448,-0.6335403726708074,-0.2919254658385093,-0.8385093167701864,-0.37267080745341613,-0.8944099378881988,-0.42857142857142855,-0.8944099378881988,0.006211180124223602,-0.6086956521739131,-0.07453416149068323,-0.7267080745341615,-0.13664596273291926,-0.7329192546583851,-0.17391304347826086,-0.6832298136645962
7,0.0,0.0,-0.36942675159235666,0.025477707006369428,-0.6496815286624203,-0.1337579617834395,-0.8280254777070064,-0.33121019108280253,-1.0,-0.40764331210191085,-0.5477707006369427,-0.554140127388535,-0.6687898089171974,-0.7961783439490446,-0.7133757961783439,-0.910828025477707,-0.7452229299363057,-0.9745222929936306,-0.3503184713375796,-0.643312101910828,-0.5095541401273885,-0.8471337579617835,-0.5668789808917197,-0.8280254777070064,-0.5732484076433121,-0.7834394904458599,-0.16560509554140126,-0.6560509554140127,-0.3057324840764331,-0.8726114649681529,-0.37579617834394907,-0.8535031847133758,-0.3885350318471338,-0.7961783439490446,0.012738853503184714,-0.6242038216560509,-0.08280254777070063,-0.7707006369426752,-0.16560509554140126,-0.7515923566878981,-0.17834394904458598,-0.6815286624203821
1,0.0,0.0,-0.3391812865497076,0.05263157894736842,-0.6023391812865497,-0.08187134502923976,-0.7719298245614035,-0.24561403508771928,-0.9181286549707602,-0.30994152046783624,-0.49122807017543857,-0.4619883040935672,-0.52046783625731,-0.4853801169590643,-0.5087719298245614,-0.4502923976608187,-0.49122807017543857,-0.42105263157894735,-0.3391812865497076,-0.5672514619883041,-0.43859649122807015,-0.7309941520467836,-0.5087719298245614,-0.8128654970760234,-0.5555555555555556,-0.8713450292397661,-0.17543859649122806,-0.5964912280701754,-0.26900584795321636,-0.8011695906432749,-0.34502923976608185,-0.9239766081871345,-0.4093567251461988,-1.0,0.0,-0.5847953216374269,-0.005847953216374269,-0.783625730994152,-0.023391812865497075,-0.9005847953216374,-0.04678362573099415,-0.9824561403508771
1,0.0,0.0,-0.3614457831325301,0.04216867469879518,-0.6325301204819277,-0.10240963855421686,-0.8012048192771084,-0.27710843373493976,-0.9698795180722891,-0.37349397590361444,-0.5120481927710844,-0.536144578313253,-0.6445783132530121,-0.8012048192771084,-0.6987951807228916,-0.9216867469879518,-0.7289156626506024,-0.9879518072289156,-0.3253012048192771,-0.608433734939759,-0.4457831325301205,-0.8674698795180723,-0.5060240963855421,-0.9578313253012049,-0.5481927710843374,-1.0,-0.16265060240963855,-0.6024096385542169,-0.26506024096385544,-0.7951807228915663,-0.3493975903614458,-0.8253012048192772,-0.39156626506024095,-0.8072289156626506,-0.024096385542168676,-0.5662650602409639,-0.14457831325301204,-0.6987951807228916,-0.23493975903614459,-0.7228915662650602,-0.27710843373493976,-0.7108433734939759
1,0.0,0.0,-0.3614457831325301,0.03614457831325301,-0.6325301204819277,-0.1144578313253012,-0.8012048192771084,-0.28313253012048195,-0.9698795180722891,-0.37349397590361444,-0.5120481927710844,-0.536144578313253,-0.6445783132530121,-0.8012048192771084,-0.6987951807228916,-0.9216867469879518,-0.7349397590361446,-0.9939759036144579,-0.3313253012048193,-0.608433734939759,-0.45180722891566266,-0.8674698795180723,-0.5180722891566265,-0.9578313253012049,-0.5542168674698795,-1.0,-0.1746987951807229,-0.608433734939759,-0.27710843373493976,-0.7951807228915663,-0.35542168674698793,-0.8373493975903614,-0.4036144578313253,-0.8313253012048193,-0.03614457831325301,-0.5662650602409639,-0.14457831325301204,-0.7228915662650602,-0.24096385542168675,-0.7530120481927711,-0.27710843373493976,-0.7469879518072289
1,0.0,0.0,-0.36363636363636365,0.030303030303030304,-0.6363636363636364,-0.12121212121212122,-0.8,-0.2909090909090909,-0.9696969696969697,-0.38181818181818183,-0.5151515151515151,-0.5515151515151515,-0.6484848484848484,-0.806060606060606,-0.703030303030303,-0.9272727272727272,-0.7454545454545455,-1.0,-0.32727272727272727,-0.6181818181818182,-0.4484848484848485,-0.8787878787878788,-0.5151515151515151,-0.9636363636363636,-0.5575757575757576,-0.9939393939393939,-0.16363636363636364,-0.6121212121212121,-0.2727272727272727,-0.8,-0.3515151515151515,-0.8363636363636363,-0.3939393939393939,-0.8181818181818182,-0.024242424242424242,-0.5696969696969697,-0.1393939393939394,-0.7090909090909091,-0.23636363636363636,-0.7333333333333333,-0.2787878787878788,-0.7212121212121212
7,0.0,0.0,-0.3670886075949367,0.012658227848101266,-0.6392405063291139,-0.13924050632911392,-0.8227848101265823,-0.3227848101265823,-0.9873417721518988,-0.41139240506329117,-0.5379746835443038,-0.5569620253164557,-0.6708860759493671,-0.8164556962025317,-0.7215189873417721,-0.930379746835443,-0.759493670886076,-1.0,-0.34810126582278483,-0.6455696202531646,-0.5063291139240507,-0.8670886075949367,-0.5886075949367089,-0.8860759493670886,-0.6139240506329114,-0.8544303797468354,-0.15822784810126583,-0.6582278481012658,-0.2848101265822785,-0.8924050632911392,-0.3670886075949367,-0.9240506329113924,-0.41139240506329117,-0.8860759493670886,0.03164556962025317,-0.6265822784810127,-0.0379746835443038,-0.810126582278481,-0.12025316455696203,-0.8291139240506329,-0.16455696202531644,-0.7721518987341772
1,0.0,0.0,-0.3493975903614458,0.06626506024096386,-0.6204819277108434,-0.08433734939759036,-0.8012048192771084,-0.26506024096385544,-0.963855421686747,-0.3433734939759036,-0.5301204819277109,-0.4939759036144578,-0.6626506024096386,-0.7289156626506024,-0.7108433734939759,-0.8313253012048193,-0.7469879518072289,-0.8855421686746988,-0.3373493975903614,-0.5903614457831325,-0.463855421686747,-0.8433734939759037,-0.5240963855421686,-0.9518072289156626,-0.5602409638554217,-1.0,-0.16265060240963855,-0.6204819277108434,-0.25903614457831325,-0.8554216867469879,-0.3253012048192771,-0.9397590361445783,-0.3795180722891566,-0.963855421686747,0.006024096385542169,-0.608433734939759,-0.08433734939759036,-0.7771084337349398,-0.14457831325301204,-0.8132530120481928,-0.18072289156626506,-0.8012048192771084
7,0.0,0.0,-0.3005181347150259,0.04145077720207254,-0.533678756476684,-0.08290155440414508,-0.6994818652849741,-0.24352331606217617,-0.8290155440414507,-0.31088082901554404,-0.44559585492227977,-0.41968911917098445,-0.46113989637305697,-0.45077720207253885,-0.44559585492227977,-0.39896373056994816,-0.43005181347150256,-0.3471502590673575,-0.30569948186528495,-0.5233160621761658,-0.39378238341968913,-0.7098445595854922,-0.46113989637305697,-0.7979274611398963,-0.5025906735751295,-0.8549222797927462,-0.15025906735751296,-0.5544041450777202,-0.23316062176165803,-0.7875647668393783,-0.30569948186528495,-0.917098445595855,-0.3626943005181347,-1.0,0.015544041450777202,-0.5492227979274611,0.02072538860103627,-0.7668393782383419,0.015544041450777202,-0.8963730569948186,0.0,-1.0
1,0.0,0.0,-0.31746031746031744,0.031746031746031744,-0.5661375661375662,-0.09523809523809523,-0.7248677248677249,-0.25396825396825395,-0.8783068783068783,-0.328042328042328,-0.4708994708994709,-0.48677248677248675,-0.5925925925925926,-0.7248677248677249,-0.6455026455026455,-0.8412698412698413,-0.6772486772486772,-0.9206349206349206,-0.30158730158730157,-0.5555555555555556,-0.3968253968253968,-0.8095238095238095,-0.455026455026455,-0.9312169312169312,-0.48677248677248675,-1.0,-0.14814814814814814,-0.5502645502645502,-0.23809523809523808,-0.7248677248677249,-0.31746031746031744,-0.7301587301587301,-0.35978835978835977,-0.7037037037037037,-0.015873015873015872,-0.5132275132275133,-0.13227513227513227,-0.6031746031746031,-0.21693121693121692,-0.5925925925925926,-0.24867724867724866,-0.5608465608465608
7,0.0,0.0,-0.2878787878787879,0.030303030303030304,-0.5202020202020202,-0.09595959595959595,-0.6868686868686869,-0.25252525252525254,-0.8232323232323232,-0.31313131313131315,-0.41919191919191917,-0.41414141414141414,-0.4393939393939394,-0.43434343434343436,-0.42424242424242425,-0.3787878787878788,-0.4090909090909091,-0.3282828282828283,-0.2878787878787879,-0.51010101010101,-0.3838383838383838,-0.6919191919191919,-0.4494949494949495,-0.7878787878787878,-0.494949494949495,-0.8535353535353535,-0.1414141414141414,-0.5505050505050505,-0.23232323232323232,-0.7727272727272727,-0.30303030303030304,-0.9090909090909091,-0.35858585858585856,-0.9949494949494949,0.025252525252525252,-0.5454545454545454,0.005050505050505051,-0.7676767676767676,-0.010101010101010102,-0.898989898989899,-0.030303030303030304,-1.0
1,0.0,0.0,-0.29441624365482233,0.025380710659898477,-0.5329949238578681,-0.10152284263959391,-0.6852791878172588,-0.27411167512690354,-0.8324873096446701,-0.3553299492385787,-0.4467005076142132,-0.467005076142132,-0.5786802030456852,-0.6751269035532995,-0.6345177664974619,-0.7766497461928934,-0.6700507614213198,-0.8527918781725888,-0.27918781725888325,-0.5380710659898477,-0.38071065989847713,-0.7868020304568528,-0.4467005076142132,-0.9187817258883249,-0.4873096446700508,-1.0,-0.1218274111675127,-0.5431472081218274,-0.23857868020304568,-0.6954314720812182,-0.3299492385786802,-0.700507614213198,-0.38071065989847713,-0.6700507614213198,-0.005076142131979695,-0.5076142131979695,-0.1319796954314721,-0.5736040609137056,-0.2233502538071066,-0.5583756345177665,-0.2639593908629442,-0.5177664974619289
7,0.0,0.0,-0.295,0.04,-0.52,-0.08,-0.68,-0.24,-0.81,-0.315,-0.42,-0.405,-0.45,-0.43,-0.435,-0.375,-0.415,-0.33,-0.285,-0.5,-0.4,-0.67,-0.48,-0.775,-0.525,-0.86,-0.135,-0.535,-0.235,-0.75,-0.315,-0.895,-0.37,-1.0,0.025,-0.53,0.005,-0.735,-0.02,-0.865,-0.05,-0.975
1,0.0,0.0,-0.2863849765258216,0.004694835680751174,-0.5070422535211268,-0.11267605633802817,-0.6431924882629108,-0.27230046948356806,-0.7746478873239436,-0.3568075117370892,-0.40375586854460094,-0.4413145539906103,-0.5211267605633803,-0.6572769953051644,-0.568075117370892,-0.755868544600939,-0.6103286384976526,-0.8309859154929577,-0.2535211267605634,-0.5117370892018779,-0.352112676056338,-0.7699530516431925,-0.41784037558685444,-0.9107981220657277,-0.4507042253521127,-1.0,-0.11737089201877934,-0.5070422535211268,-0.215962441314554,-0.6666666666666666,-0.30985915492957744,-0.6854460093896714,-0.3568075117370892,-0.6666666666666666,-0.004694835680751174,-0.4694835680751174,-0.1267605633802817,-0.5539906103286385,-0.215962441314554,-0.5539906103286385,-0.2535211267605634,-0.5305164319248826
7,0.0,0.0,-0.2885572139303483,0.024875621890547265,-0.5074626865671642,-0.06965174129353234,-0.7014925373134329,-0.1791044776119403,-0.835820895522388,-0.21890547263681592,-0.4079601990049751,-0.39303482587064675,-0.4527363184079602,-0.417910447761194,-0.43781094527363185,-0.3582089552238806,-0.4079601990049751,-0.2935323383084577,-0.27860696517412936,-0.4925373134328358,-0.39303482587064675,-0.6766169154228856,-0.46766169154228854,-0.7860696517412935,-0.5223880597014925,-0.8656716417910447,-0.12935323383084577,-0.527363184079602,-0.22388059701492538,-0.7562189054726368,-0.2935323383084577,-0.900497512437811,-0.35323383084577115,-1.0,0.029850746268656716,-0.5074626865671642,0.004975124378109453,-0.7213930348258707,-0.009950248756218905,-0.8407960199004975,-0.03980099502487562,-0.9353233830845771
1,0.0,0.0,-0.3508771929824561,0.04093567251461988,-0.6257309941520468,-0.0935672514619883,-0.8187134502923976,-0.2573099415204678,-1.0,-0.3333333333333333,-0.5380116959064327,-0.5146198830409356,-0.7076023391812866,-0.7543859649122807,-0.7777777777777778,-0.8654970760233918,-0.8304093567251462,-0.9239766081871345,-0.3508771929824561,-0.6023391812865497,-0.5029239766081871,-0.8304093567251462,-0.5964912280701754,-0.8888888888888888,-0.6549707602339181,-0.8830409356725146,-0.19298245614035087,-0.5964912280701754,-0.3391812865497076,-0.7426900584795322,-0.4444444444444444,-0.7543859649122807,-0.49707602339181284,-0.7192982456140351,-0.05847953216374269,-0.5614035087719298,-0.19883040935672514,-0.6549707602339181,-0.2982456140350877,-0.6549707602339181,-0.3391812865497076,-0.6140350877192983
7,0.0,0.0,-0.3373493975903614,0.060240963855421686,-0.608433734939759,-0.060240963855421686,-0.8132530120481928,-0.21686746987951808,-0.9819277108433735,-0.2710843373493976,-0.5421686746987951,-0.463855421686747,-0.6325301204819277,-0.5240963855421686,-0.6265060240963856,-0.4939759036144578,-0.6144578313253012,-0.4578313253012048,-0.3674698795180723,-0.5903614457831325,-0.5240963855421686,-0.7590361445783133,-0.5963855421686747,-0.7951807228915663,-0.6204819277108434,-0.7771084337349398,-0.1927710843373494,-0.6385542168674698,-0.3313253012048193,-0.8373493975903614,-0.41566265060240964,-0.9036144578313253,-0.4759036144578313,-0.9036144578313253,-0.006024096385542169,-0.6385542168674698,-0.04819277108433735,-0.8373493975903614,-0.10240963855421686,-0.9457831325301205,-0.16265060240963855,-1.0
1,0.0,0.0,-0.34705882352941175,0.01764705882352941,-0.6235294117647059,-0.13529411764705881,-0.8,-0.3058823529411765,-0.9705882352941176,-0.38823529411764707,-0.5294117647058824,-0.5352941176470588,-0.6647058823529411,-0.788235294117647,-0.7235294117647059,-0.9176470588235294,-0.7647058823529411,-1.0,-0.3411764705882353,-0.6176470588235294,-0.5058823529411764,-0.8176470588235294,-0.6,-0.8117647058823529,-0.6411764705882353,-0.7647058823529411,-0.17647058823529413,-0.6176470588235294,-0.32941176470588235,-0.7823529411764706,-0.4294117647058823,-0.7647058823529411,-0.4647058823529412,-0.7176470588235294,-0.023529411764705882,-0.5882352941176471,-0.15294117647058825,-0.6823529411764706,-0.2529411764705882,-0.6647058823529411,-0.28823529411764703,-0.6235294117647059
7,0.0,0.0,-0.329608938547486,0.03910614525139665,-0.5810055865921788,-0.0893854748603352,-0.7597765363128491,-0.24022346368715083,-0.8994413407821229,-0.3016759776536313,-0.48044692737430167,-0.441340782122905,-0.5642458100558659,-0.4860335195530726,-0.5754189944134078,-0.45251396648044695,-0.5642458100558659,-0.41899441340782123,-0.33519553072625696,-0.547486033519553,-0.4581005586592179,-0.7206703910614525,-0.5307262569832403,-0.8100558659217877,-0.5754189944134078,-0.8770949720670391,-0.1787709497206704,-0.5865921787709497,-0.3016759776536313,-0.7932960893854749,-0.37988826815642457,-0.9217877094972067,-0.44692737430167595,-1.0,-0.0111731843575419,-0.5810055865921788,-0.0335195530726257,-0.7821229050279329,-0.05027932960893855,-0.9050279329608939,-0.07262569832402235,-0.994413407821229
1,0.0,0.0,-0.3563218390804598,0.028735632183908046,-0.6149425287356322,-0.11494252873563218,-0.7873563218390804,-0.28160919540229884,-0.9540229885057471,-0.367816091954023,-0.5057471264367817,-0.5229885057471264,-0.6494252873563219,-0.7816091954022989,-0.7068965517241379,-0.896551724137931,-0.7528735632183908,-0.9712643678160919,-0.3218390804597701,-0.5919540229885057,-0.4540229885057471,-0.8448275862068966,-0.5229885057471264,-0.9482758620689655,-0.5689655172413793,-1.0,-0.16091954022988506,-0.5804597701149425,-0.28735632183908044,-0.735632183908046,-0.3850574712643678,-0.7528735632183908,-0.4367816091954023,-0.7241379310344828,-0.022988505747126436,-0.5344827586206896,-0.16091954022988506,-0.6206896551724138,-0.25862068965517243,-0.6091954022988506,-0.29310344827586204,-0.5747126436781609
7,0.0,0.0,-0.30851063829787234,0.0425531914893617,-0.5425531914893617,-0.06914893617021277,-0.7180851063829787,-0.22340425531914893,-0.8617021276595744,-0.28191489361702127,-0.43617021276595747,-0.40425531914893614,-0.5,-0.44680851063829785,-0.5,-0.39893617021276595,-0.48936170212765956,-0.35638297872340424,-0.2978723404255319,-0.5106382978723404,-0.4308510638297872,-0.6808510638297872,-0.5053191489361702,-0.776595744680851,-0.5585106382978723,-0.8563829787234043,-0.15425531914893617,-0.5531914893617021,-0.2765957446808511,-0.7606382978723404,-0.3617021276595745,-0.9042553191489362,-0.425531914893617,-1.0,0.005319148936170213,-0.5478723404255319,-0.015957446808510637,-0.7553191489361702,-0.03723404255319149,-0.8776595744680851,-0.06914893617021277,-0.9840425531914894
1,0.0,0.0,-0.35294117647058826,0.029411764705882353,-0.6294117647058823,-0.12352941176470589,-0.8058823529411765,-0.3058823529411765,-0.9764705882352941,-0.3941176470588235,-0.5294117647058824,-0.5411764705882353,-0.6764705882352942,-0.788235294117647,-0.7294117647058823,-0.888235294117647,-0.7764705882352941,-0.9470588235294117,-0.3352941176470588,-0.6176470588235294,-0.48823529411764705,-0.8647058823529412,-0.5647058823529412,-0.9529411764705882,-0.611764705882353,-1.0,-0.17647058823529413,-0.6176470588235294,-0.31176470588235294,-0.7764705882352941,-0.4117647058823529,-0.8235294117647058,-0.47058823529411764,-0.8235294117647058,-0.03529411764705882,-0.5764705882352941,-0.18235294117647058,-0.6823529411764706,-0.27647058823529413,-0.7058823529411765,-0.3235294117647059,-0.6941176470588235
7,0.0,0.0,-0.3431952662721893,0.05917159763313609,-0.6094674556213018,-0.08875739644970414,-0.7928994082840237,-0.25443786982248523,-0.9585798816568047,-0.3136094674556213,-0.5088757396449705,-0.4556213017751479,-0.6094674556213018,-0.5088757396449705,-0.621301775147929,-0.47337278106508873,-0.6153846153846154,-0.4378698224852071,-0.34911242603550297,-0.5739644970414202,-0.47928994082840237,-0.7514792899408284,-0.5621301775147929,-0.834319526627219,-0.6153846153846154,-0.8875739644970414,-0.17751479289940827,-0.6153846153846154,-0.3076923076923077,-0.8224852071005917,-0.40236686390532544,-0.9349112426035503,-0.47928994082840237,-1.0,-0.005917159763313609,-0.6094674556213018,-0.047337278106508875,-0.8047337278106509,-0.08875739644970414,-0.9112426035502958,-0.13609467455621302,-0.9822485207100592
1,0.0,0.0,-0.41975308641975306,-0.043209876543209874,-0.6975308641975309,-0.2777777777777778,-0.8333333333333334,-0.49382716049382713,-1.0,-0.6172839506172839,-0.5185185185185185,-0.654320987654321,-0.691358024691358,-0.8950617283950617,-0.7962962962962963,-0.9629629629629629,-0.8641975308641975,-0.9814814814814815,-0.3148148148148148,-0.6790123456790124,-0.5185185185185185,-0.8827160493827161,-0.6481481481481481,-0.9197530864197531,-0.7283950617283951,-0.9197530864197531,-0.18518518518518517,-0.6358024691358025,-0.36419753086419754,-0.7962962962962963,-0.48148148148148145,-0.8271604938271605,-0.5617283950617284,-0.8148148148148148,-0.08024691358024691,-0.5802469135802469,-0.24074074074074073,-0.7098765432098766,-0.35185185185185186,-0.7407407407407407,-0.41975308641975306,-0.7345679012345679
7,0.0,0.0,-0.3118279569892473,0.03763440860215054,-0.553763440860215,-0.08602150537634409,-0.7311827956989247,-0.23118279569892472,-0.8709677419354839,-0.2903225806451613,-0.46236559139784944,-0.41935483870967744,-0.5483870967741935,-0.478494623655914,-0.5591397849462365,-0.46236559139784944,-0.553763440860215,-0.44623655913978494,-0.3279569892473118,-0.521505376344086,-0.45161290322580644,-0.6935483870967742,-0.5268817204301075,-0.7795698924731183,-0.5698924731182796,-0.8333333333333334,-0.17204301075268819,-0.5645161290322581,-0.2903225806451613,-0.7688172043010753,-0.3763440860215054,-0.8924731182795699,-0.44623655913978494,-0.9731182795698925,-0.010752688172043012,-0.5591397849462365,-0.016129032258064516,-0.7688172043010753,-0.016129032258064516,-0.8978494623655914,-0.03225806451612903,-1.0
7,0.0,0.0,-0.3081081081081081,0.03783783783783784,-0.5567567567567567,-0.08108108108108109,-0.7297297297297297,-0.22702702702702704,-0.8702702702702703,-0.2864864864864865,-0.4702702702702703,-0.42702702702702705,-0.5513513513513514,-0.4756756756756757,-0.5567567567567567,-0.4540540540540541,-0.5513513513513514,-0.44324324324324327,-0.34054054054054056,-0.5297297297297298,-0.4648648648648649,-0.6864864864864865,-0.5351351351351351,-0.7675675675675676,-0.572972972972973,-0.8216216216216217,-0.1891891891891892,-0.572972972972973,-0.3081081081081081,-0.7783783783783784,-0.3891891891891892,-0.8972972972972973,-0.4540540540540541,-0.9783783783783784,-0.021621621621621623,-0.5675675675675675,-0.021621621621621623,-0.772972972972973,-0.021621621621621623,-0.8972972972972973,-0.03783783783783784,-1.0
7,0.0,0.0,-0.32954545454545453,0.045454545454545456,-0.5852272727272727,-0.0625,-0.7613636363636364,-0.21022727272727273,-0.9034090909090909,-0.2784090909090909,-0.48295454545454547,-0.42045454545454547,-0.5511363636363636,-0.4602272727272727,-0.5568181818181818,-0.4375,-0.5568181818181818,-0.42045454545454547,-0.3465909090909091,-0.5284090909090909,-0.4715909090909091,-0.6704545454545454,-0.5454545454545454,-0.7386363636363636,-0.5909090909090909,-0.7897727272727273,-0.19318181818181818,-0.5681818181818182,-0.3181818181818182,-0.7556818181818182,-0.4034090909090909,-0.875,-0.4772727272727273,-0.9488636363636364,-0.022727272727272728,-0.5738636363636364,-0.022727272727272728,-0.7727272727272727,-0.028409090909090908,-0.8977272727272727,-0.045454545454545456,-1.0
7,0.0,0.0,-0.3352272727272727,0.045454545454545456,-0.5909090909090909,-0.07386363636363637,-0.7727272727272727,-0.2215909090909091,-0.9204545454545454,-0.2727272727272727,-0.4943181818181818,-0.4318181818181818,-0.5625,-0.4772727272727273,-0.5738636363636364,-0.4659090909090909,-0.5795454545454546,-0.4602272727272727,-0.3522727272727273,-0.5340909090909091,-0.4772727272727273,-0.6704545454545454,-0.5511363636363636,-0.7386363636363636,-0.5965909090909091,-0.7840909090909091,-0.19886363636363635,-0.5795454545454546,-0.32386363636363635,-0.7556818181818182,-0.4147727272727273,-0.8693181818181818,-0.48295454545454547,-0.9375,-0.028409090909090908,-0.5795454545454546,-0.03409090909090909,-0.7784090909090909,-0.03977272727272727,-0.8977272727272727,-0.05113636363636364,-1.0
7,0.0,0.0,-0.32954545454545453,0.045454545454545456,-0.5909090909090909,-0.07386363636363637,-0.7727272727272727,-0.2159090909090909,-0.9261363636363636,-0.2784090909090909,-0.4943181818181818,-0.42613636363636365,-0.5511363636363636,-0.4715909090909091,-0.5568181818181818,-0.44886363636363635,-0.5625,-0.4431818181818182,-0.35795454545454547,-0.5284090909090909,-0.4772727272727273,-0.6590909090909091,-0.5454545454545454,-0.7159090909090909,-0.5909090909090909,-0.7613636363636364,-0.21022727272727273,-0.5738636363636364,-0.3181818181818182,-0.75,-0.4034090909090909,-0.8522727272727273,-0.4715909090909091,-0.9261363636363636,-0.045454545454545456,-0.5795454545454546,-0.03977272727272727,-0.7784090909090909,-0.03977272727272727,-0.8977272727272727,-0.05113636363636364,-1.0
7,0.0,0.0,-0.3333333333333333,0.04678362573099415,-0.5964912280701754,-0.07017543859649122,-0.783625730994152,-0.2222222222222222,-0.9415204678362573,-0.28654970760233917,-0.49122807017543857,-0.4327485380116959,-0.5730994152046783,-0.49707602339181284,-0.5964912280701754,-0.5087719298245614,-0.6140350877192983,-0.5263157894736842,-0.34502923976608185,-0.5321637426900585,-0.47368421052631576,-0.6666666666666666,-0.543859649122807,-0.7309941520467836,-0.5847953216374269,-0.783625730994152,-0.19298245614035087,-0.5789473684210527,-0.30994152046783624,-0.7485380116959064,-0.391812865497076,-0.847953216374269,-0.4678362573099415,-0.9122807017543859,-0.017543859649122806,-0.5847953216374269,-0.011695906432748537,-0.7777777777777778,-0.017543859649122806,-0.9005847953216374,-0.03508771929824561,-1.0
7,0.0,0.0,-0.3314285714285714,0.045714285714285714,-0.5942857142857143,-0.06857142857142857,-0.7828571428571428,-0.21142857142857144,-0.9371428571428572,-0.26857142857142857,-0.49142857142857144,-0.4342857142857143,-0.56,-0.49714285714285716,-0.5714285714285714,-0.49714285714285716,-0.5828571428571429,-0.49714285714285716,-0.3485714285714286,-0.5371428571428571,-0.4685714285714286,-0.68,-0.5371428571428571,-0.7485714285714286,-0.5771428571428572,-0.8,-0.19428571428571428,-0.5828571428571429,-0.30857142857142855,-0.7542857142857143,-0.38857142857142857,-0.8514285714285714,-0.45714285714285713,-0.9142857142857143,-0.022857142857142857,-0.5885714285714285,-0.022857142857142857,-0.7828571428571428,-0.02857142857142857,-0.9085714285714286,-0.045714285714285714,-1.0
1,0.0,0.0,-0.3860759493670886,-0.006329113924050633,-0.6645569620253164,-0.2088607594936709,-0.8291139240506329,-0.4050632911392405,-1.0,-0.5126582278481012,-0.5189873417721519,-0.5822784810126582,-0.6582278481012658,-0.8227848101265823,-0.7215189873417721,-0.9177215189873418,-0.7721518987341772,-0.9683544303797469,-0.31645569620253167,-0.6392405063291139,-0.4873417721518987,-0.8417721518987342,-0.5822784810126582,-0.879746835443038,-0.6455696202531646,-0.8670886075949367,-0.17088607594936708,-0.620253164556962,-0.33544303797468356,-0.7531645569620253,-0.4430379746835443,-0.7784810126582279,-0.5,-0.7531645569620253,-0.04430379746835443,-0.5759493670886076,-0.189873417721519,-0.6645569620253164,-0.2911392405063291,-0.6708860759493671,-0.34177215189873417,-0.6518987341772152
1,0.0,0.0,-0.3875,0.01875,-0.6625,-0.15625,-0.825,-0.35625,-1.0,-0.45625,-0.51875,-0.5375,-0.6625,-0.8,-0.71875,-0.925,-0.76875,-1.0,-0.33125,-0.60625,-0.48125,-0.83125,-0.575,-0.89375,-0.63125,-0.9,-0.18125,-0.59375,-0.33125,-0.74375,-0.4375,-0.7625,-0.4875,-0.7375,-0.04375,-0.55625,-0.18125,-0.64375,-0.28125,-0.65,-0.325,-0.625
1,0.0,0.0,-0.3885350318471338,0.006369426751592357,-0.6687898089171974,-0.17834394904458598,-0.8280254777070064,-0.3821656050955414,-1.0,-0.47770700636942676,-0.5031847133757962,-0.554140127388535,-0.6624203821656051,-0.821656050955414,-0.732484076433121,-0.9299363057324841,-0.7834394904458599,-0.9872611464968153,-0.31210191082802546,-0.6242038216560509,-0.47770700636942676,-0.8598726114649682,-0.5796178343949044,-0.9044585987261147,-0.6369426751592356,-0.8853503184713376,-0.15286624203821655,-0.6178343949044586,-0.31210191082802546,-0.7770700636942676,-0.4267515923566879,-0.7770700636942676,-0.4713375796178344,-0.7388535031847133,-0.012738853503184714,-0.5796178343949044,-0.1592356687898089,-0.6815286624203821,-0.267515923566879,-0.6815286624203821,-0.31210191082802546,-0.6496815286624203
1,0.0,0.0,-0.37888198757763975,0.0,-0.6459627329192547,-0.18633540372670807,-0.8074534161490683,-0.38509316770186336,-0.968944099378882,-0.484472049689441,-0.4968944099378882,-0.5590062111801242,-0.639751552795031,-0.8198757763975155,-0.7018633540372671,-0.9316770186335404,-0.7515527950310559,-1.0,-0.3105590062111801,-0.6211180124223602,-0.45962732919254656,-0.8571428571428571,-0.5527950310559007,-0.906832298136646,-0.6086956521739131,-0.9006211180124224,-0.15527950310559005,-0.6086956521739131,-0.3105590062111801,-0.7639751552795031,-0.4161490683229814,-0.7763975155279503,-0.4658385093167702,-0.7453416149068323,-0.012422360248447204,-0.5714285714285714,-0.16149068322981366,-0.6645962732919255,-0.2608695652173913,-0.6708074534161491,-0.3105590062111801,-0.639751552795031
1,0.0,0.0,-0.3710691823899371,0.018867924528301886,-0.660377358490566,-0.15723270440251572,-0.8301886792452831,-0.3584905660377358,-1.0,-0.44654088050314467,-0.5157232704402516,-0.5345911949685535,-0.6666666666666666,-0.7924528301886793,-0.7295597484276729,-0.89937106918239,-0.7735849056603774,-0.9559748427672956,-0.3270440251572327,-0.6037735849056604,-0.4779874213836478,-0.8364779874213837,-0.5723270440251572,-0.8930817610062893,-0.6226415094339622,-0.8930817610062893,-0.16352201257861634,-0.5974842767295597,-0.32075471698113206,-0.7421383647798742,-0.41509433962264153,-0.7358490566037735,-0.4528301886792453,-0.6918238993710691,-0.025157232704402517,-0.5660377358490566,-0.16352201257861634,-0.6477987421383647,-0.2578616352201258,-0.6289308176100629,-0.2893081761006289,-0.5849056603773585
1,0.0,0.0,-0.38064516129032255,0.025806451612903226,-0.6645161290322581,-0.14838709677419354,-0.832258064516129,-0.3548387096774194,-1.0,-0.44516129032258067,-0.535483870967742,-0.5483870967741935,-0.6838709677419355,-0.8,-0.7419354838709677,-0.896774193548387,-0.7870967741935484,-0.9483870967741935,-0.33548387096774196,-0.6193548387096774,-0.4967741935483871,-0.8451612903225807,-0.5935483870967742,-0.8838709677419355,-0.6451612903225806,-0.8774193548387097,-0.16774193548387098,-0.6129032258064516,-0.3225806451612903,-0.7677419354838709,-0.4258064516129032,-0.7806451612903226,-0.4774193548387097,-0.7483870967741936,-0.025806451612903226,-0.5806451612903226,-0.16774193548387098,-0.6709677419354839,-0.2709677419354839,-0.6774193548387096,-0.3161290322580645,-0.6387096774193548
1,0.0,0.0,-0.3741935483870968,0.01935483870967742,-0.6645161290322581,-0.15483870967741936,-0.832258064516129,-0.3741935483870968,-1.0,-0.4774193548387097,-0.5225806451612903,-0.5548387096774193,-0.6709677419354839,-0.832258064516129,-0.7290322580645161,-0.9354838709677419,-0.7741935483870968,-0.9870967741935484,-0.3225806451612903,-0.632258064516129,-0.4838709677419355,-0.8838709677419355,-0.5806451612903226,-0.9161290322580645,-0.632258064516129,-0.8774193548387097,-0.15483870967741936,-0.632258064516129,-0.3161290322580645,-0.7870967741935484,-0.41935483870967744,-0.7677419354838709,-0.45806451612903226,-0.7096774193548387,-0.012903225806451613,-0.5935483870967742,-0.15483870967741936,-0.6774193548387096,-0.25806451612903225,-0.6645161290322581,-0.2967741935483871,-0.6064516129032258
1,0.0,0.0,-0.37579617834394907,0.025477707006369428,-0.6624203821656051,-0.14012738853503184,-0.8280254777070064,-0.34394904458598724,-1.0,-0.445859872611465,-0.5414012738853503,-0.5732484076433121,-0.6815286624203821,-0.821656050955414,-0.732484076433121,-0.9044585987261147,-0.7770700636942676,-0.9426751592356688,-0.33121019108280253,-0.643312101910828,-0.4840764331210191,-0.8535031847133758,-0.5796178343949044,-0.8853503184713376,-0.6369426751592356,-0.8598726114649682,-0.1592356687898089,-0.6242038216560509,-0.3184713375796178,-0.7643312101910829,-0.42038216560509556,-0.7579617834394905,-0.4713375796178344,-0.7133757961783439,-0.012738853503184714,-0.5796178343949044,-0.15286624203821655,-0.6560509554140127,-0.2611464968152866,-0.643312101910828,-0.3057324840764331,-0.5987261146496815
1,0.0,0.0,-0.3717948717948718,0.03205128205128205,-0.6602564102564102,-0.1282051282051282,-0.8269230769230769,-0.33974358974358976,-1.0,-0.4358974358974359,-0.532051282051282,-0.532051282051282,-0.6602564102564102,-0.7884615384615384,-0.717948717948718,-0.8717948717948718,-0.7756410256410257,-0.9038461538461539,-0.3269230769230769,-0.6153846153846154,-0.47435897435897434,-0.8397435897435898,-0.5705128205128205,-0.8782051282051282,-0.6282051282051282,-0.8525641025641025,-0.14743589743589744,-0.6153846153846154,-0.30128205128205127,-0.75,-0.3974358974358974,-0.7307692307692307,-0.4423076923076923,-0.6794871794871795,0.0,-0.5833333333333334,-0.1346153846153846,-0.6538461538461539,-0.23717948717948717,-0.6346153846153846,-0.27564102564102566,-0.5897435897435898
1,0.0,0.0,-0.37662337662337664,0.012987012987012988,-0.6623376623376623,-0.16233766233766234,-0.8311688311688312,-0.37012987012987014,-1.0,-0.4675324675324675,-0.525974025974026,-0.5844155844155844,-0.6558441558441559,-0.8376623376623377,-0.7207792207792207,-0.8506493506493507,-0.7532467532467533,-0.8051948051948052,-0.3181818181818182,-0.6558441558441559,-0.4805194805194805,-0.8701298701298701,-0.564935064935065,-0.8506493506493507,-0.5974025974025974,-0.7792207792207793,-0.14285714285714285,-0.6428571428571429,-0.2922077922077922,-0.7792207792207793,-0.38311688311688313,-0.7532467532467533,-0.4155844155844156,-0.6948051948051948,0.006493506493506494,-0.6038961038961039,-0.12987012987012986,-0.6818181818181818,-0.22077922077922077,-0.6558441558441559,-0.2532467532467532,-0.5974025974025974
7,0.0,0.0,-0.3352272727272727,0.022727272727272728,-0.6022727272727273,-0.07954545454545454,-0.8295454545454546,-0.18181818181818182,-0.9943181818181818,-0.19886363636363635,-0.4772727272727273,-0.4431818181818182,-0.6079545454545454,-0.5056818181818182,-0.6420454545454546,-0.4431818181818182,-0.6363636363636364,-0.38636363636363635,-0.3352272727272727,-0.5397727272727273,-0.4659090909090909,-0.7159090909090909,-0.5454545454545454,-0.7954545454545454,-0.5965909090909091,-0.8522727272727273,-0.18181818181818182,-0.5681818181818182,-0.30113636363636365,-0.7784090909090909,-0.3806818181818182,-0.9090909090909091,-0.45454545454545453,-1.0,-0.028409090909090908,-0.5454545454545454,-0.03409090909090909,-0.7386363636363636,-0.03977272727272727,-0.8636363636363636,-0.05113636363636364,-0.9602272727272727
7,0.0,0.0,-0.32571428571428573,0.03428571428571429,-0.6,-0.06285714285714286,-0.8114285714285714,-0.1657142857142857,-0.9771428571428571,-0.2,-0.4742857142857143,-0.41714285714285715,-0.5657142857142857,-0.45714285714285713,-0.5828571428571429,-0.4228571428571429,-0.5885714285714285,-0.3942857142857143,-0.34285714285714286,-0.5257142857142857,-0.4742857142857143,-0.6914285714285714,-0.5485714285714286,-0.7771428571428571,-0.6,-0.8342857142857143,-0.18285714285714286,-0.5714285714285714,-0.30857142857142855,-0.7828571428571428,-0.38857142857142857,-0.9085714285714286,-0.45714285714285713,-1.0,-0.011428571428571429,-0.5657142857142857,-0.022857142857142857,-0.7657142857142857,-0.02857142857142857,-0.8857142857142857,-0.045714285714285714,-0.9771428571428571
7,0.0,0.0,-0.31666666666666665,0.016666666666666666,-0.5722222222222222,-0.08333333333333333,-0.7833333333333333,-0.19444444444444445,-0.9333333333333333,-0.23333333333333334,-0.46111111111111114,-0.43333333333333335,-0.55,-0.4666666666666667,-0.5611111111111111,-0.4166666666666667,-0.5611111111111111,-0.37777777777777777,-0.3277777777777778,-0.5277777777777778,-0.45,-0.6944444444444444,-0.5166666666666667,-0.7777777777777778,-0.5666666666666667,-0.8388888888888889,-0.17777777777777778,-0.5666666666666667,-0.28888888888888886,-0.7777777777777778,-0.36666666666666664,-0.9055555555555556,-0.43333333333333335,-1.0,-0.011111111111111112,-0.5666666666666667,-0.011111111111111112,-0.7722222222222223,-0.016666666666666666,-0.8944444444444445,-0.03333333333333333,-0.9944444444444445
7,0.0,0.0,-0.3146067415730337,0.03932584269662921,-0.5730337078651685,-0.06741573033707865,-0.7808988764044944,-0.19662921348314608,-0.9325842696629213,-0.24719101123595505,-0.4606741573033708,-0.42696629213483145,-0.550561797752809,-0.4606741573033708,-0.5674157303370787,-0.42696629213483145,-0.5674157303370787,-0.398876404494382,-0.3258426966292135,-0.5337078651685393,-0.4550561797752809,-0.6966292134831461,-0.5280898876404494,-0.7752808988764045,-0.5674157303370787,-0.8370786516853933,-0.16853932584269662,-0.5730337078651685,-0.29213483146067415,-0.7808988764044944,-0.3651685393258427,-0.9101123595505618,-0.42696629213483145,-1.0,0.0,-0.5674157303370787,-0.011235955056179775,-0.7640449438202247,-0.016853932584269662,-0.8820224719101124,-0.033707865168539325,-0.9775280898876404
7,0.0,0.0,-0.3128491620111732,0.0335195530726257,-0.5698324022346368,-0.08379888268156424,-0.7653631284916201,-0.22346368715083798,-0.9162011173184358,-0.27932960893854747,-0.45251396648044695,-0.441340782122905,-0.547486033519553,-0.4860335195530726,-0.5754189944134078,-0.44692737430167595,-0.5698324022346368,-0.4022346368715084,-0.3128491620111732,-0.5418994413407822,-0.44692737430167595,-0.7039106145251397,-0.5251396648044693,-0.7877094972067039,-0.5754189944134078,-0.8435754189944135,-0.1564245810055866,-0.5754189944134078,-0.27932960893854747,-0.776536312849162,-0.36312849162011174,-0.9050279329608939,-0.43575418994413406,-1.0,0.00558659217877095,-0.5642458100558659,0.0,-0.7597765363128491,-0.0111731843575419,-0.88268156424581,-0.0335195530726257,-0.9832402234636871
7,0.0,0.0,-0.3314285714285714,0.03428571428571429,-0.5942857142857143,-0.08571428571428572,-0.7885714285714286,-0.2342857142857143,-0.9428571428571428,-0.2914285714285714,-0.48,-0.4514285714285714,-0.5771428571428572,-0.49142857142857144,-0.6,-0.44571428571428573,-0.6,-0.4057142857142857,-0.34285714285714286,-0.5542857142857143,-0.4685714285714286,-0.7028571428571428,-0.5485714285714286,-0.76,-0.6,-0.8114285714285714,-0.18285714285714286,-0.5885714285714285,-0.3028571428571429,-0.7771428571428571,-0.3942857142857143,-0.8971428571428571,-0.46285714285714286,-0.9771428571428571,-0.011428571428571429,-0.5885714285714285,-0.017142857142857144,-0.7885714285714286,-0.03428571428571429,-0.9028571428571428,-0.05714285714285714,-1.0
7,0.0,0.0,-0.3431952662721893,0.04142011834319527,-0.6094674556213018,-0.08875739644970414,-0.7988165680473372,-0.2485207100591716,-0.9585798816568047,-0.3136094674556213,-0.48520710059171596,-0.44970414201183434,-0.5739644970414202,-0.4911242603550296,-0.591715976331361,-0.4556213017751479,-0.6035502958579881,-0.4319526627218935,-0.33727810650887574,-0.5562130177514792,-0.46745562130177515,-0.6923076923076923,-0.5502958579881657,-0.7514792899408284,-0.5976331360946746,-0.7869822485207101,-0.1834319526627219,-0.591715976331361,-0.2958579881656805,-0.7810650887573964,-0.38461538461538464,-0.8875739644970414,-0.4556213017751479,-0.9526627218934911,-0.01775147928994083,-0.5857988165680473,-0.01775147928994083,-0.7869822485207101,-0.023668639053254437,-0.9053254437869822,-0.047337278106508875,-1.0
7,0.0,0.0,-0.34502923976608185,0.03508771929824561,-0.6023391812865497,-0.10526315789473684,-0.783625730994152,-0.26900584795321636,-0.9415204678362573,-0.3391812865497076,-0.49122807017543857,-0.4678362573099415,-0.5906432748538012,-0.52046783625731,-0.6081871345029239,-0.47953216374269003,-0.5964912280701754,-0.43859649122807015,-0.3333333333333333,-0.5730994152046783,-0.4678362573099415,-0.7192982456140351,-0.5380116959064327,-0.7719298245614035,-0.5789473684210527,-0.7894736842105263,-0.1695906432748538,-0.6081871345029239,-0.29239766081871343,-0.783625730994152,-0.38596491228070173,-0.8771929824561403,-0.45614035087719296,-0.9298245614035088,-0.005847953216374269,-0.6023391812865497,-0.011695906432748537,-0.7953216374269005,-0.029239766081871343,-0.9122807017543859,-0.05847953216374269,-1.0
7,0.0,0.0,-0.3431952662721893,0.04142011834319527,-0.5976331360946746,-0.09467455621301775,-0.7810650887573964,-0.25443786982248523,-0.9408284023668639,-0.33136094674556216,-0.48520710059171596,-0.46153846153846156,-0.5976331360946746,-0.5325443786982249,-0.621301775147929,-0.4911242603550296,-0.6153846153846154,-0.4378698224852071,-0.33136094674556216,-0.5621301775147929,-0.47337278106508873,-0.7218934911242604,-0.5502958579881657,-0.7514792899408284,-0.5739644970414202,-0.7514792899408284,-0.17159763313609466,-0.5976331360946746,-0.30177514792899407,-0.7810650887573964,-0.40236686390532544,-0.863905325443787,-0.46745562130177515,-0.9053254437869822,-0.005917159763313609,-0.591715976331361,-0.01775147928994083,-0.7928994082840237,-0.03550295857988166,-0.9112426035502958,-0.05917159763313609,-1.0
7,0.0,0.0,-0.4,0.01875,-0.66875,-0.18125,-0.84375,-0.36875,-1.0,-0.4875,-0.56875,-0.575,-0.7375,-0.68125,-0.7875,-0.5875,-0.79375,-0.4875,-0.36875,-0.66875,-0.575,-0.7875,-0.6625,-0.73125,-0.68125,-0.63125,-0.2,-0.675,-0.3625,-0.85,-0.45625,-0.86875,-0.51875,-0.83125,-0.025,-0.64375,-0.09375,-0.81875,-0.15625,-0.89375,-0.23125,-0.93125
7,0.0,0.0,-0.3924050632911392,0.0189873417721519,-0.6645569620253164,-0.189873417721519,-0.8354430379746836,-0.3860759493670886,-1.0,-0.4936708860759494,-0.5569620253164557,-0.5759493670886076,-0.7215189873417721,-0.6962025316455697,-0.7784810126582279,-0.6139240506329114,-0.7784810126582279,-0.5126582278481012,-0.36075949367088606,-0.6708860759493671,-0.5506329113924051,-0.810126582278481,-0.6392405063291139,-0.7658227848101266,-0.6708860759493671,-0.6835443037974683,-0.189873417721519,-0.6772151898734177,-0.34177215189873417,-0.8607594936708861,-0.4430379746835443,-0.8860759493670886,-0.5063291139240507,-0.8607594936708861,-0.0189873417721519,-0.6392405063291139,-0.08227848101265822,-0.8291139240506329,-0.1518987341772152,-0.9113924050632911,-0.22151898734177214,-0.9493670886075949
7,0.0,0.0,-0.4050632911392405,0.02531645569620253,-0.6708860759493671,-0.16455696202531644,-0.8417721518987342,-0.34810126582278483,-1.0,-0.46835443037974683,-0.5506329113924051,-0.5379746835443038,-0.7278481012658228,-0.6582278481012658,-0.7784810126582279,-0.5759493670886076,-0.7784810126582279,-0.47468354430379744,-0.36075949367088606,-0.6455696202531646,-0.5632911392405063,-0.7911392405063291,-0.6518987341772152,-0.759493670886076,-0.6835443037974683,-0.6772151898734177,-0.189873417721519,-0.6645569620253164,-0.34177215189873417,-0.8417721518987342,-0.4430379746835443,-0.8734177215189873,-0.5063291139240507,-0.8481012658227848,-0.0189873417721519,-0.6392405063291139,-0.08227848101265822,-0.8227848101265823,-0.14556962025316456,-0.8987341772151899,-0.22784810126582278,-0.930379746835443
7,0.0,0.0,-0.40625,0.0125,-0.66875,-0.18125,-0.8375,-0.35625,-1.0,-0.45,-0.55,-0.54375,-0.725,-0.675,-0.775,-0.5875,-0.7625,-0.48125,-0.3625,-0.64375,-0.55625,-0.79375,-0.6375,-0.75625,-0.6625,-0.6875,-0.2,-0.6625,-0.35,-0.83125,-0.44375,-0.85625,-0.5,-0.8375,-0.03125,-0.63125,-0.0875,-0.8125,-0.14375,-0.8875,-0.2125,-0.93125
7,0.0,0.0,-0.40764331210191085,0.012738853503184714,-0.6687898089171974,-0.16560509554140126,-0.8343949044585988,-0.3375796178343949,-1.0,-0.445859872611465,-0.554140127388535,-0.5414012738853503,-0.7197452229299363,-0.6560509554140127,-0.7707006369426752,-0.5668789808917197,-0.7707006369426752,-0.46496815286624205,-0.35668789808917195,-0.643312101910828,-0.554140127388535,-0.7834394904458599,-0.643312101910828,-0.7388535031847133,-0.6687898089171974,-0.6624203821656051,-0.1910828025477707,-0.6560509554140127,-0.3375796178343949,-0.8343949044585988,-0.43312101910828027,-0.8598726114649682,-0.4968152866242038,-0.8343949044585988,-0.025477707006369428,-0.6242038216560509,-0.08280254777070063,-0.8089171974522293,-0.1464968152866242,-0.8853503184713376,-0.21656050955414013,-0.9235668789808917
7,0.0,0.0,-0.39622641509433965,0.018867924528301886,-0.660377358490566,-0.16352201257861634,-0.8364779874213837,-0.34591194968553457,-1.0,-0.4528301886792453,-0.5408805031446541,-0.5408805031446541,-0.7169811320754716,-0.6666666666666666,-0.7735849056603774,-0.5786163522012578,-0.7672955974842768,-0.4716981132075472,-0.3522012578616352,-0.6415094339622641,-0.5534591194968553,-0.7861635220125787,-0.6415094339622641,-0.7421383647798742,-0.6729559748427673,-0.660377358490566,-0.18867924528301888,-0.6540880503144654,-0.34591194968553457,-0.8427672955974843,-0.44654088050314467,-0.8679245283018868,-0.5094339622641509,-0.8364779874213837,-0.018867924528301886,-0.6289308176100629,-0.08176100628930817,-0.8113207547169812,-0.14465408805031446,-0.89937106918239,-0.2138364779874214,-0.9433962264150944
7,0.0,0.0,-0.41139240506329117,0.012658227848101266,-0.6708860759493671,-0.17088607594936708,-0.8354430379746836,-0.33544303797468356,-1.0,-0.4430379746835443,-0.5506329113924051,-0.5443037974683544,-0.7151898734177216,-0.6645569620253164,-0.7784810126582279,-0.5822784810126582,-0.7784810126582279,-0.47468354430379744,-0.36075949367088606,-0.6392405063291139,-0.5506329113924051,-0.7784810126582279,-0.6455696202531646,-0.740506329113924,-0.6772151898734177,-0.6708860759493671,-0.1962025316455696,-0.6518987341772152,-0.34177215189873417,-0.8291139240506329,-0.43670886075949367,-0.8607594936708861,-0.5063291139240507,-0.8354430379746836,-0.03164556962025317,-0.620253164556962,-0.08860759493670886,-0.8037974683544303,-0.1518987341772152,-0.879746835443038,-0.22784810126582278,-0.9177215189873418
7,0.0,0.0,-0.40625,0.0125,-0.66875,-0.16875,-0.8375,-0.34375,-1.0,-0.45,-0.55,-0.5375,-0.71875,-0.6625,-0.78125,-0.5875,-0.7875,-0.46875,-0.3625,-0.625,-0.55625,-0.7625,-0.65,-0.71875,-0.68125,-0.65,-0.20625,-0.6375,-0.35625,-0.80625,-0.45,-0.83125,-0.50625,-0.8125,-0.05,-0.6125,-0.1125,-0.78125,-0.16875,-0.8625,-0.2375,-0.90625
7,0.0,0.0,-0.4125,0.0,-0.675,-0.175,-0.8375,-0.34375,-1.0,-0.4375,-0.5625,-0.55,-0.7125,-0.6625,-0.78125,-0.58125,-0.78125,-0.46875,-0.375,-0.6375,-0.5625,-0.7625,-0.65,-0.71875,-0.675,-0.65,-0.2125,-0.64375,-0.35625,-0.80625,-0.45,-0.825,-0.5,-0.79375,-0.05,-0.60625,-0.1125,-0.775,-0.175,-0.84375,-0.2375,-0.875
7,0.0,0.0,-0.4140127388535032,0.006369426751592357,-0.6687898089171974,-0.17197452229299362,-0.8343949044585988,-0.34394904458598724,-1.0,-0.445859872611465,-0.5605095541401274,-0.554140127388535,-0.7070063694267515,-0.6687898089171974,-0.7707006369426752,-0.5796178343949044,-0.7770700636942676,-0.46496815286624205,-0.36942675159235666,-0.643312101910828,-0.5668789808917197,-0.7643312101910829,-0.6496815286624203,-0.6942675159235668,-0.6751592356687898,-0.6050955414012739,-0.19745222929936307,-0.6496815286624203,-0.3630573248407643,-0.8152866242038217,-0.4585987261146497,-0.8152866242038217,-0.5095541401273885,-0.7643312101910829,-0.03184713375796178,-0.6178343949044586,-0.10191082802547771,-0.7898089171974523,-0.17197452229299362,-0.8535031847133758,-0.24203821656050956,-0.8789808917197452
7,0.0,0.0,-0.391025641025641,0.019230769230769232,-0.6602564102564102,-0.16025641025641027,-0.8333333333333334,-0.3333333333333333,-1.0,-0.4423076923076923,-0.5576923076923077,-0.5512820512820513,-0.717948717948718,-0.6730769230769231,-0.7756410256410257,-0.5769230769230769,-0.782051282051282,-0.46153846153846156,-0.36538461538461536,-0.6474358974358975,-0.5705128205128205,-0.7564102564102564,-0.6602564102564102,-0.6858974358974359,-0.6730769230769231,-0.5897435897435898,-0.1987179487179487,-0.6538461538461539,-0.3717948717948718,-0.8141025641025641,-0.46794871794871795,-0.8012820512820513,-0.5128205128205128,-0.75,-0.02564102564102564,-0.6217948717948718,-0.09615384615384616,-0.8012820512820513,-0.17307692307692307,-0.8589743589743589,-0.23717948717948717,-0.8782051282051282
7,0.0,0.0,-0.4267515923566879,0.0,-0.6815286624203821,-0.17834394904458598,-0.8407643312101911,-0.34394904458598724,-1.0,-0.43312101910828027,-0.5605095541401274,-0.5477707006369427,-0.7070063694267515,-0.6496815286624203,-0.7707006369426752,-0.5668789808917197,-0.7770700636942676,-0.4585987261146497,-0.36942675159235666,-0.6305732484076433,-0.5605095541401274,-0.7452229299363057,-0.643312101910828,-0.6878980891719745,-0.6687898089171974,-0.6114649681528662,-0.20382165605095542,-0.6369426751592356,-0.35668789808917195,-0.7898089171974523,-0.445859872611465,-0.802547770700637,-0.5031847133757962,-0.7643312101910829,-0.03821656050955414,-0.6050955414012739,-0.10191082802547771,-0.7643312101910829,-0.16560509554140126,-0.8343949044585988,-0.22929936305732485,-0.8662420382165605
7,0.0,0.0,-0.41139240506329117,0.03164556962025317,-0.6645569620253164,-0.14556962025316456,-0.8354430379746836,-0.31645569620253167,-1.0,-0.41139240506329117,-0.5569620253164557,-0.5189873417721519,-0.7151898734177216,-0.6329113924050633,-0.7721518987341772,-0.5379746835443038,-0.7721518987341772,-0.4240506329113924,-0.3670886075949367,-0.6139240506329114,-0.569620253164557,-0.740506329113924,-0.6582278481012658,-0.6708860759493671,-0.6772151898734177,-0.5822784810126582,-0.20253164556962025,-0.6265822784810127,-0.36075949367088606,-0.7974683544303798,-0.4620253164556962,-0.8037974683544303,-0.5189873417721519,-0.759493670886076,-0.03164556962025317,-0.5949367088607594,-0.08860759493670886,-0.7721518987341772,-0.15822784810126583,-0.8417721518987342,-0.23417721518987342,-0.8734177215189873
7,0.0,0.0,-0.3974358974358974,0.00641025641025641,-0.6602564102564102,-0.17307692307692307,-0.8333333333333334,-0.33974358974358976,-1.0,-0.4423076923076923,-0.5448717948717948,-0.5448717948717948,-0.7051282051282052,-0.6730769230769231,-0.7628205128205128,-0.5897435897435898,-0.7628205128205128,-0.46794871794871795,-0.358974358974359,-0.6346153846153846,-0.5576923076923077,-0.7756410256410257,-0.6410256410256411,-0.717948717948718,-0.6666666666666666,-0.6282051282051282,-0.19230769230769232,-0.6474358974358975,-0.3525641025641026,-0.8205128205128205,-0.4423076923076923,-0.8333333333333334,-0.4935897435897436,-0.7948717948717948,-0.019230769230769232,-0.6153846153846154,-0.08333333333333333,-0.7948717948717948,-0.14743589743589744,-0.8653846153846154,-0.21794871794871795,-0.8974358974358975
7,0.0,0.0,-0.4,0.0125,-0.66875,-0.175,-0.83125,-0.34375,-1.0,-0.4375,-0.55625,-0.53125,-0.7125,-0.6375,-0.775,-0.55625,-0.775,-0.45625,-0.375,-0.63125,-0.55625,-0.75,-0.64375,-0.7,-0.6625,-0.625,-0.2125,-0.64375,-0.35625,-0.79375,-0.45,-0.8125,-0.5,-0.78125,-0.04375,-0.6125,-0.1125,-0.78125,-0.16875,-0.85625,-0.23125,-0.88125
7,0.0,0.0,-0.39490445859872614,0.01910828025477707,-0.6624203821656051,-0.16560509554140126,-0.8407643312101911,-0.34394904458598724,-1.0,-0.445859872611465,-0.554140127388535,-0.535031847133758,-0.7197452229299363,-0.6369426751592356,-0.7707006369426752,-0.554140127388535,-0.7770700636942676,-0.45222929936305734,-0.36942675159235666,-0.6369426751592356,-0.5668789808917197,-0.7579617834394905,-0.6496815286624203,-0.7133757961783439,-0.6751592356687898,-0.6305732484076433,-0.20382165605095542,-0.6496815286624203,-0.35668789808917195,-0.8089171974522293,-0.45222929936305734,-0.8280254777070064,-0.5095541401273885,-0.7961783439490446,-0.03184713375796178,-0.6242038216560509,-0.08917197452229299,-0.7961783439490446,-0.1464968152866242,-0.8662420382165605,-0.21656050955414013,-0.89171974522293
7,0.0,0.0,-0.4025157232704403,0.031446540880503145,-0.6666666666666666,-0.14465408805031446,-0.8364779874213837,-0.3081761006289308,-1.0,-0.4025157232704403,-0.5660377358490566,-0.5094339622641509,-0.7358490566037735,-0.5974842767295597,-0.779874213836478,-0.4968553459119497,-0.779874213836478,-0.39622641509433965,-0.3836477987421384,-0.610062893081761,-0.5849056603773585,-0.7169811320754716,-0.6666666666666666,-0.6540880503144654,-0.6792452830188679,-0.5660377358490566,-0.22012578616352202,-0.6226415094339622,-0.3710691823899371,-0.7735849056603774,-0.46540880503144655,-0.779874213836478,-0.5157232704402516,-0.7421383647798742,-0.050314465408805034,-0.5911949685534591,-0.1069182389937107,-0.7484276729559748,-0.16981132075471697,-0.8113207547169812,-0.2389937106918239,-0.8364779874213837
7,0.0,0.0,-0.40384615384615385,0.01282051282051282,-0.6666666666666666,-0.17307692307692307,-0.8333333333333334,-0.33974358974358976,-1.0,-0.4358974358974359,-0.5576923076923077,-0.5576923076923077,-0.7115384615384616,-0.6410256410256411,-0.7692307692307693,-0.5512820512820513,-0.7692307692307693,-0.4423076923076923,-0.36538461538461536,-0.6538461538461539,-0.5576923076923077,-0.75,-0.6410256410256411,-0.6923076923076923,-0.6666666666666666,-0.6089743589743589,-0.1987179487179487,-0.6538461538461539,-0.34615384615384615,-0.8076923076923077,-0.4423076923076923,-0.8269230769230769,-0.4935897435897436,-0.7884615384615384,-0.02564102564102564,-0.6153846153846154,-0.08333333333333333,-0.782051282051282,-0.14743589743589744,-0.8525641025641025,-0.21153846153846154,-0.8782051282051282
7,0.0,0.0,-0.42038216560509556,0.012738853503184714,-0.6751592356687898,-0.1592356687898089,-0.8343949044585988,-0.31210191082802546,-1.0,-0.40764331210191085,-0.5668789808917197,-0.5286624203821656,-0.7197452229299363,-0.6050955414012739,-0.7770700636942676,-0.5222929936305732,-0.7770700636942676,-0.42038216560509556,-0.3821656050955414,-0.6178343949044586,-0.5668789808917197,-0.7197452229299363,-0.6496815286624203,-0.6687898089171974,-0.6751592356687898,-0.5987261146496815,-0.21656050955414013,-0.6242038216560509,-0.3630573248407643,-0.7707006369426752,-0.45222929936305734,-0.7834394904458599,-0.5095541401273885,-0.7515923566878981,-0.050955414012738856,-0.5923566878980892,-0.10828025477707007,-0.7452229299363057,-0.17197452229299362,-0.8089171974522293,-0.2356687898089172,-0.8407643312101911
7,0.0,0.0,-0.4012738853503185,0.012738853503184714,-0.6624203821656051,-0.1592356687898089,-0.8280254777070064,-0.3184713375796178,-1.0,-0.40764331210191085,-0.5668789808917197,-0.5477707006369427,-0.7133757961783439,-0.6369426751592356,-0.7707006369426752,-0.554140127388535,-0.7707006369426752,-0.4394904458598726,-0.3821656050955414,-0.6369426751592356,-0.5605095541401274,-0.732484076433121,-0.6369426751592356,-0.6751592356687898,-0.6624203821656051,-0.5923566878980892,-0.21019108280254778,-0.643312101910828,-0.3503184713375796,-0.7834394904458599,-0.43312101910828027,-0.7961783439490446,-0.49044585987261147,-0.7643312101910829,-0.03821656050955414,-0.6050955414012739,-0.10191082802547771,-0.7643312101910829,-0.15286624203821655,-0.8280254777070064,-0.21019108280254778,-0.8535031847133758
7,0.0,0.0,-0.39375,0.025,-0.65625,-0.15,-0.83125,-0.3125,-1.0,-0.39375,-0.55625,-0.51875,-0.7125,-0.625,-0.76875,-0.53125,-0.775,-0.425,-0.375,-0.61875,-0.575,-0.71875,-0.65625,-0.65,-0.675,-0.55625,-0.2125,-0.625,-0.36875,-0.775,-0.4625,-0.76875,-0.50625,-0.725,-0.05,-0.59375,-0.1125,-0.75625,-0.175,-0.81875,-0.2375,-0.85
7,0.0,0.0,-0.42777777777777776,-0.016666666666666666,-0.6944444444444444,-0.21666666666666667,-0.85,-0.38333333333333336,-1.0,-0.4722222222222222,-0.5722222222222222,-0.5722222222222222,-0.7388888888888889,-0.6888888888888889,-0.8111111111111111,-0.6111111111111112,-0.8333333333333334,-0.5055555555555555,-0.38333333333333336,-0.65,-0.5833333333333334,-0.7444444444444445,-0.6777777777777778,-0.6888888888888889,-0.7166666666666667,-0.6055555555555555,-0.2222222222222222,-0.6444444444444445,-0.39444444444444443,-0.7722222222222223,-0.49444444444444446,-0.7666666666666667,-0.55,-0.7222222222222222,-0.05555555555555555,-0.5944444444444444,-0.16111111111111112,-0.75,-0.23333333333333334,-0.8111111111111111,-0.29444444444444445,-0.8444444444444444
7,0.0,0.0,-0.4371584699453552,-0.01639344262295082,-0.6994535519125683,-0.20765027322404372,-0.8524590163934426,-0.3770491803278688,-1.0,-0.47540983606557374,-0.5683060109289617,-0.5628415300546448,-0.7377049180327869,-0.6775956284153005,-0.8087431693989071,-0.6120218579234973,-0.8306010928961749,-0.5245901639344263,-0.37158469945355194,-0.644808743169399,-0.5683060109289617,-0.7704918032786885,-0.6612021857923497,-0.7377049180327869,-0.7049180327868853,-0.6775956284153005,-0.21311475409836064,-0.644808743169399,-0.37158469945355194,-0.7978142076502732,-0.4644808743169399,-0.8142076502732241,-0.5245901639344263,-0.7868852459016393,-0.04918032786885246,-0.6065573770491803,-0.15300546448087432,-0.7650273224043715,-0.2185792349726776,-0.8306010928961749,-0.2786885245901639,-0.8633879781420765
7,0.0,0.0,-0.389937106918239,0.012578616352201259,-0.6666666666666666,-0.1761006289308176,-0.8364779874213837,-0.36477987421383645,-1.0,-0.4716981132075472,-0.5786163522012578,-0.610062893081761,-0.7232704402515723,-0.6792452830188679,-0.7672955974842768,-0.5786163522012578,-0.7735849056603774,-0.4716981132075472,-0.3836477987421384,-0.6918238993710691,-0.5534591194968553,-0.7610062893081762,-0.6289308176100629,-0.6918238993710691,-0.6352201257861635,-0.5974842767295597,-0.20754716981132076,-0.6918238993710691,-0.33962264150943394,-0.8238993710691824,-0.42138364779874216,-0.8238993710691824,-0.4716981132075472,-0.7735849056603774,-0.031446540880503145,-0.6352201257861635,-0.0880503144654088,-0.7924528301886793,-0.14465408805031446,-0.8616352201257862,-0.20754716981132076,-0.8867924528301887
1,0.0,0.0,-0.3925925925925926,0.014814814814814815,-0.6814814814814815,-0.17777777777777778,-0.837037037037037,-0.3925925925925926,-1.0,-0.48148148148148145,-0.5481481481481482,-0.5851851851851851,-0.6888888888888889,-0.837037037037037,-0.7481481481481481,-0.8592592592592593,-0.7851851851851852,-0.8222222222222222,-0.3333333333333333,-0.6592592592592592,-0.5037037037037037,-0.8518518518518519,-0.5925925925925926,-0.8296296296296296,-0.6222222222222222,-0.7703703703703704,-0.15555555555555556,-0.6518518518518519,-0.31851851851851853,-0.8074074074074075,-0.4074074074074074,-0.7851851851851852,-0.4444444444444444,-0.7333333333333333,0.007407407407407408,-0.6148148148148148,-0.14074074074074075,-0.6962962962962963,-0.24444444444444444,-0.6814814814814815,-0.2814814814814815,-0.6370370370370371
1,0.0,0.0,-0.40441176470588236,0.029411764705882353,-0.6838235294117647,-0.15441176470588236,-0.8382352941176471,-0.3897058823529412,-1.0,-0.4852941176470588,-0.5588235294117647,-0.5808823529411765,-0.6985294117647058,-0.8308823529411765,-0.7573529411764706,-0.8161764705882353,-0.7794117647058824,-0.75,-0.34558823529411764,-0.6544117647058824,-0.5147058823529411,-0.8529411764705882,-0.5882352941176471,-0.8161764705882353,-0.6102941176470589,-0.7426470588235294,-0.16176470588235295,-0.6470588235294118,-0.3161764705882353,-0.7867647058823529,-0.40441176470588236,-0.7573529411764706,-0.4338235294117647,-0.6985294117647058,0.0,-0.6029411764705882,-0.13970588235294118,-0.6691176470588235,-0.22794117647058823,-0.6470588235294118,-0.2647058823529412,-0.5882352941176471
1,0.0,0.0,-0.40875912408759124,0.051094890510948905,-0.6934306569343066,-0.12408759124087591,-0.8467153284671532,-0.3284671532846715,-1.0,-0.40145985401459855,-0.583941605839416,-0.5766423357664233,-0.7007299270072993,-0.7664233576642335,-0.7372262773722628,-0.7299270072992701,-0.7445255474452555,-0.6423357664233577,-0.3722627737226277,-0.656934306569343,-0.5182481751824818,-0.8102189781021898,-0.5693430656934306,-0.7664233576642335,-0.583941605839416,-0.6861313868613139,-0.18248175182481752,-0.6423357664233577,-0.30656934306569344,-0.7518248175182481,-0.38686131386861317,-0.7153284671532847,-0.40875912408759124,-0.6496350364963503,-0.0072992700729927005,-0.5912408759124088,-0.13138686131386862,-0.635036496350365,-0.2116788321167883,-0.5912408759124088,-0.24087591240875914,-0.5255474452554745
1,0.0,0.0,-0.4326241134751773,0.0,-0.7092198581560284,-0.16312056737588654,-0.8794326241134752,-0.3404255319148936,-1.0,-0.4397163120567376,-0.6170212765957447,-0.7163120567375887,-0.8652482269503546,-0.9078014184397163,-0.9574468085106383,-0.8936170212765957,-0.9858156028368794,-0.8439716312056738,-0.3900709219858156,-0.7730496453900709,-0.6170212765957447,-0.8723404255319149,-0.7021276595744681,-0.7872340425531915,-0.6879432624113475,-0.7021276595744681,-0.18439716312056736,-0.7375886524822695,-0.3971631205673759,-0.8156028368794326,-0.48936170212765956,-0.7304964539007093,-0.48936170212765956,-0.6312056737588653,-0.03546099290780142,-0.6737588652482269,-0.20567375886524822,-0.7304964539007093,-0.2978723404255319,-0.6666666666666666,-0.3191489361702128,-0.574468085106383
1,0.0,0.0,-0.4015151515151515,0.07575757575757576,-0.6818181818181818,-0.08333333333333333,-0.8409090909090909,-0.29545454545454547,-1.0,-0.3712121212121212,-0.5757575757575758,-0.6060606060606061,-0.696969696969697,-0.7727272727272727,-0.7651515151515151,-0.7196969696969697,-0.7954545454545454,-0.6287878787878788,-0.3409090909090909,-0.6818181818181818,-0.5,-0.7954545454545454,-0.5606060606060606,-0.7196969696969697,-0.5681818181818182,-0.6287878787878788,-0.13636363636363635,-0.6515151515151515,-0.2727272727272727,-0.75,-0.3409090909090909,-0.6742424242424242,-0.3484848484848485,-0.5833333333333334,0.05303030303030303,-0.5833333333333334,-0.06060606060606061,-0.6060606060606061,-0.12878787878787878,-0.5303030303030303,-0.13636363636363635,-0.44696969696969696
1,0.0,0.0,-0.3816793893129771,0.0916030534351145,-0.6641221374045801,-0.061068702290076333,-0.8473282442748091,-0.2748091603053435,-1.0,-0.3511450381679389,-0.5801526717557252,-0.5572519083969466,-0.6946564885496184,-0.6946564885496184,-0.7099236641221374,-0.5954198473282443,-0.6870229007633588,-0.4961832061068702,-0.366412213740458,-0.6335877862595419,-0.5038167938931297,-0.7633587786259542,-0.5419847328244275,-0.6641221374045801,-0.5190839694656488,-0.5648854961832062,-0.16793893129770993,-0.6259541984732825,-0.2900763358778626,-0.7251908396946565,-0.33587786259541985,-0.6335877862595419,-0.31297709923664124,-0.5343511450381679,0.015267175572519083,-0.5801526717557252,-0.0916030534351145,-0.5877862595419847,-0.13740458015267176,-0.5114503816793893,-0.1297709923664122,-0.42748091603053434
1,0.0,0.0,-0.3829787234042553,0.07801418439716312,-0.6737588652482269,-0.0851063829787234,-0.8439716312056738,-0.2907801418439716,-1.0,-0.3546099290780142,-0.5957446808510638,-0.5319148936170213,-0.7163120567375887,-0.7092198581560284,-0.75177304964539,-0.6312056737588653,-0.75177304964539,-0.524822695035461,-0.3900709219858156,-0.6170212765957447,-0.5460992907801419,-0.75177304964539,-0.5957446808510638,-0.6808510638297872,-0.5886524822695035,-0.5886524822695035,-0.20567375886524822,-0.6099290780141844,-0.3475177304964539,-0.7021276595744681,-0.41134751773049644,-0.6453900709219859,-0.41843971631205673,-0.5673758865248227,-0.028368794326241134,-0.5673758865248227,-0.1702127659574468,-0.6028368794326241,-0.24822695035460993,-0.5460992907801419,-0.2553191489361702,-0.475177304964539
1,0.0,0.0,-0.38461538461538464,0.03496503496503497,-0.6713286713286714,-0.13286713286713286,-0.8391608391608392,-0.34265734265734266,-1.0,-0.4195804195804196,-0.5664335664335665,-0.5664335664335665,-0.7202797202797203,-0.7692307692307693,-0.7832167832167832,-0.7202797202797203,-0.8111888111888111,-0.6223776223776224,-0.35664335664335667,-0.6433566433566433,-0.5454545454545454,-0.8041958041958042,-0.6223776223776224,-0.7342657342657343,-0.6293706293706294,-0.6433566433566433,-0.17482517482517482,-0.6363636363636364,-0.35664335664335667,-0.7552447552447552,-0.4405594405594406,-0.7062937062937062,-0.46153846153846156,-0.6293706293706294,-0.02097902097902098,-0.5944055944055944,-0.17482517482517482,-0.6503496503496503,-0.26573426573426573,-0.6153846153846154,-0.2937062937062937,-0.5524475524475524
1,0.0,0.0,-0.38666666666666666,0.02,-0.6666666666666666,-0.16,-0.84,-0.35333333333333333,-1.0,-0.44666666666666666,-0.5533333333333333,-0.56,-0.7266666666666667,-0.76,-0.8,-0.72,-0.8266666666666667,-0.64,-0.36,-0.6266666666666667,-0.56,-0.7866666666666666,-0.6466666666666666,-0.74,-0.6733333333333333,-0.66,-0.2,-0.62,-0.37333333333333335,-0.74,-0.47333333333333333,-0.7066666666666667,-0.5066666666666667,-0.6466666666666666,-0.06,-0.58,-0.20666666666666667,-0.6466666666666666,-0.31333333333333335,-0.6333333333333333,-0.35333333333333333,-0.58
1,0.0,0.0,-0.38961038961038963,0.01948051948051948,-0.6753246753246753,-0.15584415584415584,-0.8376623376623377,-0.35064935064935066,-1.0,-0.44805194805194803,-0.551948051948052,-0.5454545454545454,-0.7337662337662337,-0.7727272727272727,-0.8181818181818182,-0.7597402597402597,-0.8571428571428571,-0.6883116883116883,-0.36363636363636365,-0.6298701298701299,-0.564935064935065,-0.7922077922077922,-0.6623376623376623,-0.7597402597402597,-0.7012987012987013,-0.6948051948051948,-0.2077922077922078,-0.6233766233766234,-0.38311688311688313,-0.7337662337662337,-0.487012987012987,-0.7077922077922078,-0.525974025974026,-0.6493506493506493,-0.07142857142857142,-0.5844155844155844,-0.21428571428571427,-0.6558441558441559,-0.3181818181818182,-0.6428571428571429,-0.35714285714285715,-0.5974025974025974
1,0.0,0.0,-0.38513513513513514,0.013513513513513514,-0.668918918918919,-0.16216216216216217,-0.8378378378378378,-0.3783783783783784,-1.0,-0.47297297297297297,-0.5472972972972973,-0.5472972972972973,-0.7162162162162162,-0.8040540540540541,-0.8040540540540541,-0.8108108108108109,-0.8378378378378378,-0.75,-0.35135135135135137,-0.6216216216216216,-0.5405405405405406,-0.831081081081081,-0.6418918918918919,-0.7972972972972973,-0.668918918918919,-0.722972972972973,-0.17567567567567569,-0.6283783783783784,-0.3581081081081081,-0.7702702702702703,-0.4594594594594595,-0.7432432432432432,-0.49324324324324326,-0.6824324324324325,-0.033783783783783786,-0.5878378378378378,-0.18243243243243243,-0.668918918918919,-0.28378378378378377,-0.6554054054054054,-0.32432432432432434,-0.6013513513513513
1,0.0,0.0,-0.3986013986013986,0.027972027972027972,-0.6853146853146853,-0.13986013986013987,-0.8461538461538461,-0.36363636363636365,-1.0,-0.45454545454545453,-0.5594405594405595,-0.5594405594405595,-0.7132867132867133,-0.8111888111888111,-0.7832167832167832,-0.8181818181818182,-0.8321678321678322,-0.7762237762237763,-0.34965034965034963,-0.6363636363636364,-0.5244755244755245,-0.8321678321678322,-0.6153846153846154,-0.7972027972027972,-0.6433566433566433,-0.7202797202797203,-0.16083916083916083,-0.6363636363636364,-0.3356643356643357,-0.7692307692307693,-0.4195804195804196,-0.7272727272727273,-0.4405594405594406,-0.6573426573426573,0.006993006993006993,-0.5944055944055944,-0.13986013986013987,-0.6573426573426573,-0.23076923076923078,-0.6223776223776224,-0.25874125874125875,-0.5594405594405595
1,0.0,0.0,-0.39552238805970147,0.05970149253731343,-0.6865671641791045,-0.1044776119402985,-0.8432835820895522,-0.3358208955223881,-1.0,-0.4253731343283582,-0.5597014925373134,-0.5597014925373134,-0.7089552238805971,-0.8059701492537313,-0.7835820895522388,-0.8134328358208955,-0.8283582089552238,-0.7686567164179104,-0.35074626865671643,-0.6417910447761194,-0.5223880597014925,-0.8208955223880597,-0.5970149253731343,-0.7686567164179104,-0.6194029850746269,-0.6865671641791045,-0.15671641791044777,-0.6417910447761194,-0.3208955223880597,-0.7686567164179104,-0.40298507462686567,-0.7164179104477612,-0.417910447761194,-0.6417910447761194,0.007462686567164179,-0.6044776119402985,-0.13432835820895522,-0.6492537313432836,-0.21641791044776118,-0.6044776119402985,-0.23134328358208955,-0.5298507462686567
1,0.0,0.0,-0.4074074074074074,0.037037037037037035,-0.6962962962962963,-0.14814814814814814,-0.8518518518518519,-0.37777777777777777,-1.0,-0.45925925925925926,-0.562962962962963,-0.5777777777777777,-0.6962962962962963,-0.8296296296296296,-0.7851851851851852,-0.837037037037037,-0.8444444444444444,-0.7925925925925926,-0.34814814814814815,-0.6592592592592592,-0.5185185185185185,-0.8444444444444444,-0.5925925925925926,-0.7851851851851852,-0.6148148148148148,-0.6962962962962963,-0.15555555555555556,-0.6518518518518519,-0.31851851851851853,-0.7851851851851852,-0.4,-0.7185185185185186,-0.4148148148148148,-0.6370370370370371,0.014814814814814815,-0.6074074074074074,-0.1259259259259259,-0.6666666666666666,-0.21481481481481482,-0.6148148148148148,-0.2222222222222222,-0.5407407407407407
1,0.0,0.0,-0.4074074074074074,0.05185185185185185,-0.6962962962962963,-0.13333333333333333,-0.8518518518518519,-0.35555555555555557,-1.0,-0.43703703703703706,-0.562962962962963,-0.5703703703703704,-0.7037037037037037,-0.8148148148148148,-0.7703703703703704,-0.7925925925925926,-0.8,-0.7185185185185186,-0.34814814814814815,-0.6518518518518519,-0.5185185185185185,-0.8444444444444444,-0.5925925925925926,-0.7925925925925926,-0.6148148148148148,-0.7037037037037037,-0.16296296296296298,-0.6444444444444445,-0.31851851851851853,-0.7777777777777778,-0.4,-0.725925925925926,-0.4222222222222222,-0.6518518518518519,0.007407407407407408,-0.6,-0.13333333333333333,-0.6518518518518519,-0.21481481481481482,-0.6074074074074074,-0.23703703703703705,-0.5333333333333333
1,0.0,0.0,-0.38636363636363635,0.05303030303030303,-0.6742424242424242,-0.13636363636363635,-0.8409090909090909,-0.3484848484848485,-1.0,-0.4393939393939394,-0.5606060606060606,-0.553030303030303,-0.6893939393939394,-0.803030303030303,-0.7803030303030303,-0.8257575757575758,-0.8409090909090909,-0.7954545454545454,-0.3484848484848485,-0.6287878787878788,-0.5151515151515151,-0.8181818181818182,-0.6136363636363636,-0.8106060606060606,-0.6590909090909091,-0.7575757575757576,-0.1590909090909091,-0.6287878787878788,-0.3181818181818182,-0.7651515151515151,-0.4166666666666667,-0.75,-0.4621212121212121,-0.7045454545454546,0.0,-0.5909090909090909,-0.13636363636363635,-0.6590909090909091,-0.23484848484848486,-0.6439393939393939,-0.2803030303030303,-0.5984848484848485
1,0.0,0.0,-0.391304347826087,0.007246376811594203,-0.6666666666666666,-0.16666666666666666,-0.8333333333333334,-0.36231884057971014,-1.0,-0.47101449275362317,-0.5434782608695652,-0.572463768115942,-0.7028985507246377,-0.8260869565217391,-0.7971014492753623,-0.8188405797101449,-0.8405797101449275,-0.7463768115942029,-0.34057971014492755,-0.644927536231884,-0.5362318840579711,-0.8405797101449275,-0.644927536231884,-0.8043478260869565,-0.6884057971014492,-0.7391304347826086,-0.16666666666666666,-0.644927536231884,-0.35507246376811596,-0.7898550724637681,-0.463768115942029,-0.7681159420289855,-0.5072463768115942,-0.7101449275362319,-0.021739130434782608,-0.6086956521739131,-0.18840579710144928,-0.7028985507246377,-0.2971014492753623,-0.6884057971014492,-0.34782608695652173,-0.644927536231884
1,0.0,0.0,-0.4041095890410959,0.0,-0.678082191780822,-0.1780821917808219,-0.8424657534246576,-0.3698630136986301,-1.0,-0.4726027397260274,-0.541095890410959,-0.5684931506849316,-0.7191780821917808,-0.8013698630136986,-0.8013698630136986,-0.7671232876712328,-0.8356164383561644,-0.678082191780822,-0.3493150684931507,-0.6438356164383562,-0.5547945205479452,-0.8287671232876712,-0.6506849315068494,-0.7671232876712328,-0.684931506849315,-0.6917808219178082,-0.19863013698630136,-0.6301369863013698,-0.3767123287671233,-0.7534246575342466,-0.4794520547945205,-0.7123287671232876,-0.5205479452054794,-0.6506849315068494,-0.06164383561643835,-0.5821917808219178,-0.21232876712328766,-0.6643835616438356,-0.3150684931506849,-0.6438356164383562,-0.363013698630137,-0.589041095890411
1,0.0,0.0,-0.3937007874015748,0.07086614173228346,-0.7007874015748031,-0.09448818897637795,-0.8582677165354331,-0.3228346456692913,-1.0,-0.4409448818897638,-0.5826771653543307,-0.5590551181102362,-0.7480314960629921,-0.8031496062992126,-0.7952755905511811,-0.8031496062992126,-0.8031496062992126,-0.7559055118110236,-0.36220472440944884,-0.6456692913385826,-0.5354330708661418,-0.8503937007874016,-0.6062992125984252,-0.7874015748031497,-0.5984251968503937,-0.6929133858267716,-0.16535433070866143,-0.6535433070866141,-0.3228346456692913,-0.8031496062992126,-0.3937007874015748,-0.7401574803149606,-0.4015748031496063,-0.6614173228346457,0.0,-0.6141732283464567,-0.13385826771653545,-0.6771653543307087,-0.2125984251968504,-0.6220472440944882,-0.2204724409448819,-0.5590551181102362
1,0.0,0.0,-0.3923076923076923,0.08461538461538462,-0.6846153846153846,-0.06153846153846154,-0.8615384615384616,-0.2846153846153846,-1.0,-0.38461538461538464,-0.6,-0.5230769230769231,-0.7692307692307693,-0.7384615384615385,-0.7923076923076923,-0.6615384615384615,-0.7615384615384615,-0.5615384615384615,-0.38461538461538464,-0.6230769230769231,-0.5615384615384615,-0.8,-0.6,-0.7153846153846154,-0.5846153846153846,-0.6230769230769231,-0.19230769230769232,-0.6307692307692307,-0.3384615384615385,-0.7615384615384615,-0.4,-0.6923076923076923,-0.4,-0.6076923076923076,-0.015384615384615385,-0.6,-0.14615384615384616,-0.6384615384615384,-0.2076923076923077,-0.5769230769230769,-0.2,-0.5
1,0.0,0.0,-0.38562091503267976,0.0457516339869281,-0.6797385620915033,-0.12418300653594772,-0.8366013071895425,-0.32679738562091504,-1.0,-0.43137254901960786,-0.5686274509803921,-0.5490196078431373,-0.7516339869281046,-0.7516339869281046,-0.8169934640522876,-0.7516339869281046,-0.8496732026143791,-0.6928104575163399,-0.3660130718954248,-0.6339869281045751,-0.5620915032679739,-0.8169934640522876,-0.6535947712418301,-0.7712418300653595,-0.673202614379085,-0.6993464052287581,-0.19607843137254902,-0.6405228758169934,-0.3660130718954248,-0.7516339869281046,-0.46405228758169936,-0.7189542483660131,-0.49019607843137253,-0.6601307189542484,-0.0457516339869281,-0.6078431372549019,-0.1895424836601307,-0.6797385620915033,-0.2875816993464052,-0.6535947712418301,-0.3202614379084967,-0.5947712418300654
1,0.0,0.0,-0.3945578231292517,0.047619047619047616,-0.6870748299319728,-0.11564625850340136,-0.8571428571428571,-0.3333333333333333,-1.0,-0.4557823129251701,-0.5782312925170068,-0.564625850340136,-0.7482993197278912,-0.7755102040816326,-0.8095238095238095,-0.7346938775510204,-0.8163265306122449,-0.6666666666666666,-0.36054421768707484,-0.6530612244897959,-0.5510204081632653,-0.8367346938775511,-0.6326530612244898,-0.782312925170068,-0.6326530612244898,-0.6938775510204082,-0.16326530612244897,-0.6598639455782312,-0.3333333333333333,-0.7755102040816326,-0.4217687074829932,-0.7142857142857143,-0.4421768707482993,-0.6394557823129252,0.0,-0.6258503401360545,-0.1360544217687075,-0.6666666666666666,-0.21768707482993196,-0.6122448979591837,-0.23809523809523808,-0.5510204081632653
1,0.0,0.0,-0.4148148148148148,0.05925925925925926,-0.7037037037037037,-0.1259259259259259,-0.8666666666666667,-0.362962962962963,-1.0,-0.4740740740740741,-0.5925925925925926,-0.6148148148148148,-0.725925925925926,-0.8,-0.725925925925926,-0.6962962962962963,-0.6814814814814815,-0.6,-0.362962962962963,-0.7111111111111111,-0.5185185185185185,-0.8888888888888888,-0.5481481481481482,-0.7925925925925926,-0.5185185185185185,-0.6814814814814815,-0.14814814814814814,-0.7111111111111111,-0.26666666666666666,-0.8444444444444444,-0.31851851851851853,-0.7555555555555555,-0.2962962962962963,-0.6518518518518519,0.05185185185185185,-0.674074074074074,-0.05925925925925926,-0.6962962962962963,-0.1037037037037037,-0.6148148148148148,-0.08888888888888889,-0.5259259259259259
1,0.0,0.0,-0.47368421052631576,-0.06015037593984962,-0.7368421052631579,-0.23308270676691728,-0.9097744360902256,-0.45112781954887216,-0.9849624060150376,-0.5639097744360902,-0.631578947368421,-0.8195488721804511,-0.7593984962406015,-1.0,-0.7593984962406015,-0.8721804511278195,-0.7293233082706767,-0.7593984962406015,-0.37593984962406013,-0.8872180451127819,-0.518796992481203,-1.0,-0.556390977443609,-0.8721804511278195,-0.518796992481203,-0.7368421052631579,-0.12781954887218044,-0.8345864661654135,-0.2781954887218045,-0.8872180451127819,-0.3233082706766917,-0.7669172932330827,-0.3007518796992481,-0.6390977443609023,0.06766917293233082,-0.7443609022556391,-0.045112781954887216,-0.7518796992481203,-0.10526315789473684,-0.6466165413533834,-0.10526315789473684,-0.5338345864661654
1,0.0,0.0,-0.43548387096774194,0.06451612903225806,-0.717741935483871,-0.12903225806451613,-0.8709677419354839,-0.3870967741935484,-1.0,-0.49193548387096775,-0.6290322580645161,-0.6774193548387096,-0.7096774193548387,-0.8387096774193549,-0.6935483870967742,-0.7338709677419355,-0.6612903225806451,-0.6290322580645161,-0.3709677419354839,-0.7741935483870968,-0.49193548387096775,-0.9193548387096774,-0.5,-0.7983870967741935,-0.4596774193548387,-0.6854838709677419,-0.13709677419354838,-0.7661290322580645,-0.23387096774193547,-0.8790322580645161,-0.2661290322580645,-0.7661290322580645,-0.24193548387096775,-0.6532258064516129,0.08870967741935484,-0.7096774193548387,0.0,-0.717741935483871,-0.03225806451612903,-0.6209677419354839,-0.008064516129032258,-0.532258064516129
1,0.0,0.0,-0.4274193548387097,0.04838709677419355,-0.7096774193548387,-0.13709677419354838,-0.8629032258064516,-0.3870967741935484,-1.0,-0.5080645161290323,-0.5887096774193549,-0.6370967741935484,-0.7096774193548387,-0.9193548387096774,-0.7983870967741935,-0.9596774193548387,-0.8709677419354839,-0.9193548387096774,-0.3467741935483871,-0.7258064516129032,-0.5080645161290323,-0.9516129032258065,-0.5887096774193549,-0.9032258064516129,-0.6290322580645161,-0.7983870967741935,-0.12096774193548387,-0.7258064516129032,-0.2661290322580645,-0.8951612903225806,-0.3467741935483871,-0.8387096774193549,-0.3709677419354839,-0.7419354838709677,0.08064516129032258,-0.6693548387096774,-0.03225806451612903,-0.717741935483871,-0.11290322580645161,-0.6532258064516129,-0.12096774193548387,-0.5645161290322581
1,0.0,0.0,-0.4180327868852459,0.07377049180327869,-0.7049180327868853,-0.10655737704918032,-0.860655737704918,-0.36885245901639346,-1.0,-0.4672131147540984,-0.5901639344262295,-0.6475409836065574,-0.6967213114754098,-0.8770491803278688,-0.7377049180327869,-0.8278688524590164,-0.7377049180327869,-0.7377049180327869,-0.3442622950819672,-0.7295081967213115,-0.48360655737704916,-0.9180327868852459,-0.5327868852459017,-0.8360655737704918,-0.5245901639344263,-0.7295081967213115,-0.11475409836065574,-0.7131147540983607,-0.22950819672131148,-0.8524590163934426,-0.29508196721311475,-0.7622950819672131,-0.29508196721311475,-0.6557377049180327,0.08196721311475409,-0.6639344262295082,-0.00819672131147541,-0.6721311475409836,-0.06557377049180328,-0.5901639344262295,-0.04918032786885246,-0.5081967213114754
1,0.0,0.0,-0.42016806722689076,0.07563025210084033,-0.7058823529411765,-0.1092436974789916,-0.865546218487395,-0.35294117647058826,-1.0,-0.44537815126050423,-0.6050420168067226,-0.6554621848739496,-0.7058823529411765,-0.8319327731092437,-0.6974789915966386,-0.7563025210084033,-0.6638655462184874,-0.6638655462184874,-0.35294117647058826,-0.7478991596638656,-0.46218487394957986,-0.9243697478991597,-0.4789915966386555,-0.8151260504201681,-0.453781512605042,-0.7058823529411765,-0.12605042016806722,-0.7394957983193278,-0.2184873949579832,-0.8739495798319328,-0.25210084033613445,-0.773109243697479,-0.24369747899159663,-0.6638655462184874,0.09243697478991597,-0.680672268907563,0.008403361344537815,-0.6974789915966386,-0.03361344537815126,-0.6134453781512605,-0.025210084033613446,-0.5210084033613446
1,0.0,0.0,-0.4262295081967213,0.08196721311475409,-0.7049180327868853,-0.11475409836065574,-0.860655737704918,-0.36065573770491804,-1.0,-0.4344262295081967,-0.6147540983606558,-0.6557377049180327,-0.6967213114754098,-0.8032786885245902,-0.6721311475409836,-0.7049180327868853,-0.6311475409836066,-0.6065573770491803,-0.36885245901639346,-0.7540983606557377,-0.4672131147540984,-0.9016393442622951,-0.4672131147540984,-0.7786885245901639,-0.4344262295081967,-0.6639344262295082,-0.13934426229508196,-0.7377049180327869,-0.22131147540983606,-0.8688524590163934,-0.2540983606557377,-0.7540983606557377,-0.22950819672131148,-0.639344262295082,0.08196721311475409,-0.6885245901639344,-0.00819672131147541,-0.6967213114754098,-0.040983606557377046,-0.6065573770491803,-0.02459016393442623,-0.5081967213114754
1,0.0,0.0,-0.3712121212121212,0.10606060606060606,-0.6666666666666666,-0.030303030303030304,-0.8560606060606061,-0.23484848484848486,-1.0,-0.3484848484848485,-0.5984848484848485,-0.48484848484848486,-0.7575757575757576,-0.6893939393939394,-0.8106060606060606,-0.6363636363636364,-0.8181818181818182,-0.5454545454545454,-0.3939393939393939,-0.5833333333333334,-0.5681818181818182,-0.7424242424242424,-0.6363636363636364,-0.6742424242424242,-0.6439393939393939,-0.5833333333333334,-0.20454545454545456,-0.5909090909090909,-0.36363636363636365,-0.7045454545454546,-0.4393939393939394,-0.6439393939393939,-0.4393939393939394,-0.5681818181818182,-0.03787878787878788,-0.5606060606060606,-0.18181818181818182,-0.6136363636363636,-0.26515151515151514,-0.553030303030303,-0.2727272727272727,-0.4772727272727273
1,0.0,0.0,-0.3888888888888889,0.04861111111111111,-0.6736111111111112,-0.11805555555555555,-0.8472222222222222,-0.3125,-1.0,-0.4097222222222222,-0.5763888888888888,-0.5486111111111112,-0.75,-0.7569444444444444,-0.8263888888888888,-0.7291666666666666,-0.8611111111111112,-0.6458333333333334,-0.3680555555555556,-0.6388888888888888,-0.5694444444444444,-0.8055555555555556,-0.6666666666666666,-0.75,-0.6944444444444444,-0.6597222222222222,-0.19444444444444445,-0.6388888888888888,-0.375,-0.7708333333333334,-0.4861111111111111,-0.7361111111111112,-0.5208333333333334,-0.6736111111111112,-0.034722222222222224,-0.6111111111111112,-0.19444444444444445,-0.6736111111111112,-0.3055555555555556,-0.6597222222222222,-0.3541666666666667,-0.6111111111111112
1,0.0,0.0,-0.4,0.06666666666666667,-0.7037037037037037,-0.1037037037037037,-0.8592592592592593,-0.31851851851851853,-1.0,-0.4222222222222222,-0.5851851851851851,-0.5851851851851851,-0.7333333333333333,-0.7851851851851852,-0.7925925925925926,-0.7851851851851852,-0.8148148148148148,-0.7333333333333333,-0.362962962962963,-0.6666666666666666,-0.5259259259259259,-0.8444444444444444,-0.6,-0.7925925925925926,-0.6074074074074074,-0.7185185185185186,-0.16296296296296298,-0.6666666666666666,-0.3111111111111111,-0.7925925925925926,-0.4,-0.7481481481481481,-0.4222222222222222,-0.6814814814814815,0.014814814814814815,-0.6222222222222222,-0.11851851851851852,-0.6592592592592592,-0.21481481481481482,-0.6222222222222222,-0.24444444444444444,-0.5555555555555556
1,0.0,0.0,-0.40310077519379844,0.07751937984496124,-0.6976744186046512,-0.08527131782945736,-0.8449612403100775,-0.32558139534883723,-1.0,-0.4263565891472868,-0.5891472868217055,-0.5891472868217055,-0.7286821705426356,-0.8062015503875969,-0.7751937984496124,-0.7984496124031008,-0.7829457364341085,-0.7441860465116279,-0.35658914728682173,-0.6821705426356589,-0.5116279069767442,-0.875968992248062,-0.5813953488372093,-0.8062015503875969,-0.5813953488372093,-0.7131782945736435,-0.14728682170542637,-0.689922480620155,-0.27906976744186046,-0.8217054263565892,-0.35658914728682173,-0.751937984496124,-0.37209302325581395,-0.6666666666666666,0.03875968992248062,-0.6434108527131783,-0.06976744186046512,-0.6666666666666666,-0.13953488372093023,-0.6046511627906976,-0.14728682170542637,-0.5271317829457365
1,0.0,0.0,-0.4251968503937008,0.07086614173228346,-0.7086614173228346,-0.10236220472440945,-0.8582677165354331,-0.3543307086614173,-1.0,-0.44881889763779526,-0.6062992125984252,-0.6377952755905512,-0.7165354330708661,-0.8503937007874016,-0.7637795275590551,-0.8188976377952756,-0.7716535433070866,-0.7244094488188977,-0.36220472440944884,-0.7165354330708661,-0.5039370078740157,-0.8976377952755905,-0.5590551181102362,-0.8110236220472441,-0.5511811023622047,-0.7086614173228346,-0.14173228346456693,-0.7086614173228346,-0.25984251968503935,-0.84251968503937,-0.33070866141732286,-0.7716535433070866,-0.33858267716535434,-0.6692913385826772,0.05511811023622047,-0.6535433070866141,-0.03937007874015748,-0.6771653543307087,-0.11023622047244094,-0.6062992125984252,-0.11023622047244094,-0.5196850393700787
1,0.0,0.0,-0.4263565891472868,0.05426356589147287,-0.7131782945736435,-0.12403100775193798,-0.8604651162790697,-0.3643410852713178,-1.0,-0.4806201550387597,-0.5968992248062015,-0.6201550387596899,-0.7286821705426356,-0.8682170542635659,-0.7751937984496124,-0.8837209302325582,-0.7906976744186046,-0.8449612403100775,-0.3488372093023256,-0.7054263565891473,-0.5038759689922481,-0.9147286821705426,-0.5736434108527132,-0.8604651162790697,-0.5813953488372093,-0.7674418604651163,-0.13953488372093023,-0.6976744186046512,-0.2713178294573643,-0.8449612403100775,-0.35658914728682173,-0.7906976744186046,-0.37209302325581395,-0.7054263565891473,0.05426356589147287,-0.6434108527131783,-0.06201550387596899,-0.6821705426356589,-0.14728682170542637,-0.627906976744186,-0.15503875968992248,-0.5426356589147286
1,0.0,0.0,-0.424,0.048,-0.712,-0.136,-0.864,-0.392,-1.0,-0.504,-0.592,-0.664,-0.696,-0.904,-0.736,-0.872,-0.736,-0.784,-0.344,-0.744,-0.464,-0.944,-0.52,-0.864,-0.512,-0.76,-0.112,-0.736,-0.216,-0.888,-0.288,-0.808,-0.296,-0.712,0.088,-0.68,0.008,-0.704,-0.064,-0.632,-0.072,-0.544
1,0.0,0.0,-0.43333333333333335,0.075,-0.7166666666666667,-0.11666666666666667,-0.875,-0.375,-1.0,-0.49166666666666664,-0.6166666666666667,-0.675,-0.7,-0.8833333333333333,-0.6916666666666667,-0.8,-0.65,-0.6916666666666667,-0.35833333333333334,-0.7666666666666667,-0.4583333333333333,-0.9666666666666667,-0.4666666666666667,-0.8583333333333333,-0.44166666666666665,-0.7416666666666667,-0.11666666666666667,-0.7583333333333333,-0.19166666666666668,-0.9083333333333333,-0.23333333333333334,-0.8,-0.225,-0.6916666666666667,0.10833333333333334,-0.6916666666666667,0.03333333333333333,-0.7166666666666667,-0.008333333333333333,-0.625,0.0,-0.525
1,0.0,0.0,-0.3984375,0.0703125,-0.6953125,-0.0859375,-0.859375,-0.3203125,-1.0,-0.4296875,-0.6171875,-0.6015625,-0.71875,-0.8359375,-0.7421875,-0.8046875,-0.75,-0.71875,-0.390625,-0.6875,-0.515625,-0.8828125,-0.5546875,-0.8046875,-0.546875,-0.6953125,-0.171875,-0.6953125,-0.2890625,-0.8359375,-0.34375,-0.75,-0.3359375,-0.6484375,0.03125,-0.6484375,-0.0625,-0.671875,-0.1171875,-0.5859375,-0.1171875,-0.5
1,0.0,0.0,-0.3795620437956204,0.072992700729927,-0.6715328467153284,-0.08759124087591241,-0.8467153284671532,-0.30656934306569344,-1.0,-0.40875912408759124,-0.583941605839416,-0.5474452554744526,-0.7372262773722628,-0.7591240875912408,-0.8029197080291971,-0.708029197080292,-0.8102189781021898,-0.6131386861313869,-0.3722627737226277,-0.635036496350365,-0.5474452554744526,-0.8175182481751825,-0.6277372262773723,-0.7445255474452555,-0.6277372262773723,-0.6423357664233577,-0.17518248175182483,-0.6423357664233577,-0.34306569343065696,-0.781021897810219,-0.4233576642335766,-0.7153284671532847,-0.43795620437956206,-0.635036496350365,-0.0072992700729927005,-0.5985401459854015,-0.16058394160583941,-0.6496350364963503,-0.24817518248175183,-0.5985401459854015,-0.26277372262773724,-0.5328467153284672
1,0.0,0.0,-0.3776223776223776,0.06993006993006994,-0.6643356643356644,-0.09090909090909091,-0.8391608391608392,-0.3006993006993007,-1.0,-0.3916083916083916,-0.5804195804195804,-0.5244755244755245,-0.7412587412587412,-0.7342657342657343,-0.7972027972027972,-0.6783216783216783,-0.7902097902097902,-0.5874125874125874,-0.3776223776223776,-0.6153846153846154,-0.5594405594405595,-0.7972027972027972,-0.6293706293706294,-0.7202797202797203,-0.6223776223776224,-0.6293706293706294,-0.1888111888111888,-0.6223776223776224,-0.35664335664335667,-0.7482517482517482,-0.43356643356643354,-0.6853146853146853,-0.4405594405594406,-0.6083916083916084,-0.027972027972027972,-0.5944055944055944,-0.16783216783216784,-0.6433566433566433,-0.2517482517482518,-0.5944055944055944,-0.26573426573426573,-0.5314685314685315
1,0.0,0.0,-0.39285714285714285,0.03571428571428571,-0.6857142857142857,-0.1357142857142857,-0.85,-0.34285714285714286,-1.0,-0.45,-0.5714285714285714,-0.5857142857142857,-0.7357142857142858,-0.7928571428571428,-0.8,-0.75,-0.8142857142857143,-0.65,-0.35714285714285715,-0.6714285714285714,-0.55,-0.85,-0.6357142857142857,-0.7928571428571428,-0.6428571428571429,-0.7,-0.17142857142857143,-0.6642857142857143,-0.34285714285714286,-0.7928571428571428,-0.44285714285714284,-0.75,-0.4642857142857143,-0.6785714285714286,-0.014285714285714285,-0.6214285714285714,-0.15714285714285714,-0.6928571428571428,-0.2571428571428571,-0.6571428571428571,-0.2785714285714286,-0.5928571428571429
1,0.0,0.0,-0.417910447761194,0.04477611940298507,-0.7089552238805971,-0.1417910447761194,-0.8582089552238806,-0.3880597014925373,-1.0,-0.5074626865671642,-0.5746268656716418,-0.6268656716417911,-0.7164179104477612,-0.8656716417910447,-0.7611940298507462,-0.8208955223880597,-0.7611940298507462,-0.7388059701492538,-0.34328358208955223,-0.7014925373134329,-0.5149253731343284,-0.917910447761194,-0.5746268656716418,-0.8507462686567164,-0.5597014925373134,-0.746268656716418,-0.13432835820895522,-0.7014925373134329,-0.29850746268656714,-0.8507462686567164,-0.373134328358209,-0.7835820895522388,-0.373134328358209,-0.6940298507462687,0.03731343283582089,-0.6567164179104478,-0.09701492537313433,-0.7164179104477612,-0.1791044776119403,-0.664179104477612,-0.1865671641791045,-0.5895522388059702
1,0.0,0.0,-0.42424242424242425,0.07575757575757576,-0.7121212121212122,-0.11363636363636363,-0.8560606060606061,-0.3560606060606061,-1.0,-0.4696969696969697,-0.5833333333333334,-0.6212121212121212,-0.7045454545454546,-0.8257575757575758,-0.7196969696969697,-0.7575757575757576,-0.696969696969697,-0.6666666666666666,-0.3409090909090909,-0.7045454545454546,-0.48484848484848486,-0.9090909090909091,-0.5303030303030303,-0.8333333333333334,-0.5227272727272727,-0.7424242424242424,-0.12878787878787878,-0.696969696969697,-0.25,-0.8409090909090909,-0.3181818181818182,-0.7651515151515151,-0.32575757575757575,-0.6818181818181818,0.06060606060606061,-0.6439393939393939,-0.05303030303030303,-0.6742424242424242,-0.12121212121212122,-0.6060606060606061,-0.11363636363636363,-0.5227272727272727
1,0.0,0.0,-0.42857142857142855,0.07936507936507936,-0.7222222222222222,-0.10317460317460317,-0.873015873015873,-0.35714285714285715,-1.0,-0.4603174603174603,-0.6031746031746031,-0.626984126984127,-0.7063492063492064,-0.8412698412698413,-0.7222222222222222,-0.753968253968254,-0.7063492063492064,-0.6428571428571429,-0.35714285714285715,-0.7301587301587301,-0.5,-0.9365079365079365,-0.5396825396825397,-0.8412698412698413,-0.5158730158730159,-0.7222222222222222,-0.12698412698412698,-0.7222222222222222,-0.23809523809523808,-0.873015873015873,-0.29365079365079366,-0.7698412698412699,-0.2777777777777778,-0.6666666666666666,0.07936507936507936,-0.6746031746031746,-0.007936507936507936,-0.6904761904761905,-0.05555555555555555,-0.6031746031746031,-0.047619047619047616,-0.5079365079365079
1,0.0,0.0,-0.4180327868852459,0.08196721311475409,-0.7131147540983607,-0.09016393442622951,-0.860655737704918,-0.3524590163934426,-1.0,-0.47540983606557374,-0.6065573770491803,-0.639344262295082,-0.7049180327868853,-0.8360655737704918,-0.680327868852459,-0.7540983606557377,-0.6475409836065574,-0.6475409836065574,-0.36065573770491804,-0.7377049180327869,-0.47540983606557374,-0.9426229508196722,-0.48360655737704916,-0.8360655737704918,-0.45081967213114754,-0.7213114754098361,-0.12295081967213115,-0.7459016393442623,-0.21311475409836064,-0.9180327868852459,-0.2540983606557377,-0.8114754098360656,-0.22950819672131148,-0.6967213114754098,0.09836065573770492,-0.7049180327868853,0.02459016393442623,-0.7295081967213115,-0.01639344262295082,-0.639344262295082,-0.00819672131147541,-0.5491803278688525
1,0.0,0.0,-0.4180327868852459,0.06557377049180328,-0.7131147540983607,-0.10655737704918032,-0.8688524590163934,-0.36065573770491804,-1.0,-0.45901639344262296,-0.6147540983606558,-0.6639344262295082,-0.7049180327868853,-0.8770491803278688,-0.6967213114754098,-0.860655737704918,-0.6639344262295082,-0.7704918032786885,-0.36885245901639346,-0.7540983606557377,-0.45901639344262296,-0.9590163934426229,-0.4672131147540984,-0.8688524590163934,-0.45081967213114754,-0.7622950819672131,-0.13114754098360656,-0.7622950819672131,-0.20491803278688525,-0.9098360655737705,-0.2459016393442623,-0.819672131147541,-0.2459016393442623,-0.7049180327868853,0.09016393442622951,-0.7049180327868853,0.02459016393442623,-0.7131147540983607,-0.02459016393442623,-0.6311475409836066,-0.02459016393442623,-0.5327868852459017
1,0.0,0.0,-0.4098360655737705,0.08196721311475409,-0.7049180327868853,-0.09836065573770492,-0.860655737704918,-0.3524590163934426,-1.0,-0.4426229508196721,-0.6147540983606558,-0.6311475409836066,-0.7131147540983607,-0.8278688524590164,-0.7049180327868853,-0.7622950819672131,-0.6721311475409836,-0.6639344262295082,-0.36885245901639346,-0.7295081967213115,-0.48360655737704916,-0.9426229508196722,-0.5,-0.8442622950819673,-0.47540983606557374,-0.7295081967213115,-0.13934426229508196,-0.7377049180327869,-0.22131147540983606,-0.9016393442622951,-0.27049180327868855,-0.8114754098360656,-0.26229508196721313,-0.6967213114754098,0.06557377049180328,-0.6885245901639344,0.0,-0.7049180327868853,-0.040983606557377046,-0.6229508196721312,-0.03278688524590164,-0.5245901639344263
1,0.0,0.0,-0.40458015267175573,0.08396946564885496,-0.7099236641221374,-0.08396946564885496,-0.8625954198473282,-0.32061068702290074,-1.0,-0.42748091603053434,-0.6106870229007634,-0.6030534351145038,-0.7251908396946565,-0.816793893129771,-0.7480916030534351,-0.7709923664122137,-0.7404580152671756,-0.6793893129770993,-0.3816793893129771,-0.6870229007633588,-0.5038167938931297,-0.8778625954198473,-0.549618320610687,-0.8015267175572519,-0.5419847328244275,-0.6946564885496184,-0.16030534351145037,-0.6870229007633588,-0.2748091603053435,-0.8244274809160306,-0.3435114503816794,-0.7480916030534351,-0.3435114503816794,-0.6641221374045801,0.030534351145038167,-0.6335877862595419,-0.08396946564885496,-0.6641221374045801,-0.15267175572519084,-0.6030534351145038,-0.16030534351145037,-0.5114503816793893
